player,line,team
Justin Bailey,Scratched,ANA
Nick Baptiste,Scratched,ANA
Zach Bogosian,IR4,ANA
Will Carrier,RW4,ANA
Daniel Catenacci,Scratched,ANA
Carlo Colaiacovo,Scratched,ANA
Nick Crawford,Scratched,ANA
Jerry D'Amigo,Scratched,ANA
Nicolas Deslauriers,IR3,ANA
Matt Donovan,Scratched,ANA
Jack Eichel,C2,ANA
Matt Ellis,Scratched,ANA
Tyler Ennis,IR5,ANA
Justin Falk,RD3,ANA
Hudson Fasching,Scratched,ANA
Taylor Fedun,LD3,ANA
Marcus Foligno,LW3,ANA
Cody Franson,RD2,ANA
Brian Gionta,RW3,ANA
Zemgus Girgensons,RW1,ANA
Josh Gorges,IR6,ANA
Derek Grant,LW2,ANA
Brendan Guhle,LD2,ANA
Alex Guptill,,ANA
Jochen Hecht,Scratched,ANA
Evander Kane,C4,ANA
Jason Kasdorf,,ANA
Rostislav Klesla,Scratched,ANA
Connor Knapp,Scratched,ANA
Dmitry Kulikov,IR2,ANA
Jacob Lagace,,ANA
Johan Larsson,C3,ANA
Robin Lehner,G1,ANA
Ville Leino,Scratched,ANA
Nathan Lieuwen,Scratched,ANA
Matt MacKenzie,,ANA
Andrey Makarov,Scratched,ANA
Jake McCabe,LD1,ANA
Cody McCormick,IR1,ANA
Matt Moulson,LW4,ANA
Casey Nelson,Scratched,ANA
Anders Nilsson,G2,ANA
Alex Nylander,Scratched,ANA
Eric O'Dell,Scratched,ANA
Cal O'Reilly,Scratched,ANA
Ryan O'Reilly,C1,ANA
Kyle Okposo,LW1,ANA
Linus Omark,Scratched,ANA
Dennis Persson,,ANA
Sam Reinhart,RW2,ANA
Rasmus Ristolainen,RD1,ANA
Evan Rodrigues,Scratched,ANA
Drew Schiestel,,ANA
Cole Schneider,Scratched,ANA
Michael Sdao,,ANA
Alexander Sulzer,Scratched,ANA
Kevin Sundher,,ANA
Paul Szczechura,Scratched,ANA
Shawn Szydlowski,,ANA
Jamie Tardif,Scratched,ANA
Linus Ullmark,Scratched,ANA
Justin Bailey,Scratched,ARI
Nick Baptiste,Scratched,ARI
Zach Bogosian,IR4,ARI
Will Carrier,RW4,ARI
Daniel Catenacci,Scratched,ARI
Carlo Colaiacovo,Scratched,ARI
Nick Crawford,Scratched,ARI
Jerry D'Amigo,Scratched,ARI
Nicolas Deslauriers,IR3,ARI
Matt Donovan,Scratched,ARI
Jack Eichel,C2,ARI
Matt Ellis,Scratched,ARI
Tyler Ennis,IR5,ARI
Justin Falk,RD3,ARI
Hudson Fasching,Scratched,ARI
Taylor Fedun,LD3,ARI
Marcus Foligno,LW3,ARI
Cody Franson,RD2,ARI
Brian Gionta,RW3,ARI
Zemgus Girgensons,RW1,ARI
Josh Gorges,IR6,ARI
Derek Grant,LW2,ARI
Brendan Guhle,LD2,ARI
Alex Guptill,,ARI
Jochen Hecht,Scratched,ARI
Evander Kane,C4,ARI
Jason Kasdorf,,ARI
Rostislav Klesla,Scratched,ARI
Connor Knapp,Scratched,ARI
Dmitry Kulikov,IR2,ARI
Jacob Lagace,,ARI
Johan Larsson,C3,ARI
Robin Lehner,G1,ARI
Ville Leino,Scratched,ARI
Nathan Lieuwen,Scratched,ARI
Matt MacKenzie,,ARI
Andrey Makarov,Scratched,ARI
Jake McCabe,LD1,ARI
Cody McCormick,IR1,ARI
Matt Moulson,LW4,ARI
Casey Nelson,Scratched,ARI
Anders Nilsson,G2,ARI
Alex Nylander,Scratched,ARI
Eric O'Dell,Scratched,ARI
Cal O'Reilly,Scratched,ARI
Ryan O'Reilly,C1,ARI
Kyle Okposo,LW1,ARI
Linus Omark,Scratched,ARI
Dennis Persson,,ARI
Sam Reinhart,RW2,ARI
Rasmus Ristolainen,RD1,ARI
Evan Rodrigues,Scratched,ARI
Drew Schiestel,,ARI
Cole Schneider,Scratched,ARI
Michael Sdao,,ARI
Alexander Sulzer,Scratched,ARI
Kevin Sundher,,ARI
Paul Szczechura,Scratched,ARI
Shawn Szydlowski,,ARI
Jamie Tardif,Scratched,ARI
Linus Ullmark,Scratched,ARI
Justin Bailey,Scratched,BOS
Nick Baptiste,Scratched,BOS
Zach Bogosian,IR4,BOS
Will Carrier,RW4,BOS
Daniel Catenacci,Scratched,BOS
Carlo Colaiacovo,Scratched,BOS
Nick Crawford,Scratched,BOS
Jerry D'Amigo,Scratched,BOS
Nicolas Deslauriers,IR3,BOS
Matt Donovan,Scratched,BOS
Jack Eichel,C2,BOS
Matt Ellis,Scratched,BOS
Tyler Ennis,IR5,BOS
Justin Falk,RD3,BOS
Hudson Fasching,Scratched,BOS
Taylor Fedun,LD3,BOS
Marcus Foligno,LW3,BOS
Cody Franson,RD2,BOS
Brian Gionta,RW3,BOS
Zemgus Girgensons,RW1,BOS
Josh Gorges,IR6,BOS
Derek Grant,LW2,BOS
Brendan Guhle,LD2,BOS
Alex Guptill,,BOS
Jochen Hecht,Scratched,BOS
Evander Kane,C4,BOS
Jason Kasdorf,,BOS
Rostislav Klesla,Scratched,BOS
Connor Knapp,Scratched,BOS
Dmitry Kulikov,IR2,BOS
Jacob Lagace,,BOS
Johan Larsson,C3,BOS
Robin Lehner,G1,BOS
Ville Leino,Scratched,BOS
Nathan Lieuwen,Scratched,BOS
Matt MacKenzie,,BOS
Andrey Makarov,Scratched,BOS
Jake McCabe,LD1,BOS
Cody McCormick,IR1,BOS
Matt Moulson,LW4,BOS
Casey Nelson,Scratched,BOS
Anders Nilsson,G2,BOS
Alex Nylander,Scratched,BOS
Eric O'Dell,Scratched,BOS
Cal O'Reilly,Scratched,BOS
Ryan O'Reilly,C1,BOS
Kyle Okposo,LW1,BOS
Linus Omark,Scratched,BOS
Dennis Persson,,BOS
Sam Reinhart,RW2,BOS
Rasmus Ristolainen,RD1,BOS
Evan Rodrigues,Scratched,BOS
Drew Schiestel,,BOS
Cole Schneider,Scratched,BOS
Michael Sdao,,BOS
Alexander Sulzer,Scratched,BOS
Kevin Sundher,,BOS
Paul Szczechura,Scratched,BOS
Shawn Szydlowski,,BOS
Jamie Tardif,Scratched,BOS
Linus Ullmark,Scratched,BOS
Justin Bailey,Scratched,BUF
Nick Baptiste,Scratched,BUF
Zach Bogosian,IR4,BUF
Will Carrier,RW4,BUF
Daniel Catenacci,Scratched,BUF
Carlo Colaiacovo,Scratched,BUF
Nick Crawford,Scratched,BUF
Jerry D'Amigo,Scratched,BUF
Nicolas Deslauriers,IR3,BUF
Matt Donovan,Scratched,BUF
Jack Eichel,C2,BUF
Matt Ellis,Scratched,BUF
Tyler Ennis,IR5,BUF
Justin Falk,RD3,BUF
Hudson Fasching,Scratched,BUF
Taylor Fedun,LD3,BUF
Marcus Foligno,LW3,BUF
Cody Franson,RD2,BUF
Brian Gionta,RW3,BUF
Zemgus Girgensons,RW1,BUF
Josh Gorges,IR6,BUF
Derek Grant,LW2,BUF
Brendan Guhle,LD2,BUF
Alex Guptill,,BUF
Jochen Hecht,Scratched,BUF
Evander Kane,C4,BUF
Jason Kasdorf,,BUF
Rostislav Klesla,Scratched,BUF
Connor Knapp,Scratched,BUF
Dmitry Kulikov,IR2,BUF
Jacob Lagace,,BUF
Johan Larsson,C3,BUF
Robin Lehner,G1,BUF
Ville Leino,Scratched,BUF
Nathan Lieuwen,Scratched,BUF
Matt MacKenzie,,BUF
Andrey Makarov,Scratched,BUF
Jake McCabe,LD1,BUF
Cody McCormick,IR1,BUF
Matt Moulson,LW4,BUF
Casey Nelson,Scratched,BUF
Anders Nilsson,G2,BUF
Alex Nylander,Scratched,BUF
Eric O'Dell,Scratched,BUF
Cal O'Reilly,Scratched,BUF
Ryan O'Reilly,C1,BUF
Kyle Okposo,LW1,BUF
Linus Omark,Scratched,BUF
Dennis Persson,,BUF
Sam Reinhart,RW2,BUF
Rasmus Ristolainen,RD1,BUF
Evan Rodrigues,Scratched,BUF
Drew Schiestel,,BUF
Cole Schneider,Scratched,BUF
Michael Sdao,,BUF
Alexander Sulzer,Scratched,BUF
Kevin Sundher,,BUF
Paul Szczechura,Scratched,BUF
Shawn Szydlowski,,BUF
Jamie Tardif,Scratched,BUF
Linus Ullmark,Scratched,BUF
Justin Bailey,Scratched,CAR
Nick Baptiste,Scratched,CAR
Zach Bogosian,IR4,CAR
Will Carrier,RW4,CAR
Daniel Catenacci,Scratched,CAR
Carlo Colaiacovo,Scratched,CAR
Nick Crawford,Scratched,CAR
Jerry D'Amigo,Scratched,CAR
Nicolas Deslauriers,IR3,CAR
Matt Donovan,Scratched,CAR
Jack Eichel,C2,CAR
Matt Ellis,Scratched,CAR
Tyler Ennis,IR5,CAR
Justin Falk,RD3,CAR
Hudson Fasching,Scratched,CAR
Taylor Fedun,LD3,CAR
Marcus Foligno,LW3,CAR
Cody Franson,RD2,CAR
Brian Gionta,RW3,CAR
Zemgus Girgensons,RW1,CAR
Josh Gorges,IR6,CAR
Derek Grant,LW2,CAR
Brendan Guhle,LD2,CAR
Alex Guptill,,CAR
Jochen Hecht,Scratched,CAR
Evander Kane,C4,CAR
Jason Kasdorf,,CAR
Rostislav Klesla,Scratched,CAR
Connor Knapp,Scratched,CAR
Dmitry Kulikov,IR2,CAR
Jacob Lagace,,CAR
Johan Larsson,C3,CAR
Robin Lehner,G1,CAR
Ville Leino,Scratched,CAR
Nathan Lieuwen,Scratched,CAR
Matt MacKenzie,,CAR
Andrey Makarov,Scratched,CAR
Jake McCabe,LD1,CAR
Cody McCormick,IR1,CAR
Matt Moulson,LW4,CAR
Casey Nelson,Scratched,CAR
Anders Nilsson,G2,CAR
Alex Nylander,Scratched,CAR
Eric O'Dell,Scratched,CAR
Cal O'Reilly,Scratched,CAR
Ryan O'Reilly,C1,CAR
Kyle Okposo,LW1,CAR
Linus Omark,Scratched,CAR
Dennis Persson,,CAR
Sam Reinhart,RW2,CAR
Rasmus Ristolainen,RD1,CAR
Evan Rodrigues,Scratched,CAR
Drew Schiestel,,CAR
Cole Schneider,Scratched,CAR
Michael Sdao,,CAR
Alexander Sulzer,Scratched,CAR
Kevin Sundher,,CAR
Paul Szczechura,Scratched,CAR
Shawn Szydlowski,,CAR
Jamie Tardif,Scratched,CAR
Linus Ullmark,Scratched,CAR
Justin Bailey,Scratched,CBJ
Nick Baptiste,Scratched,CBJ
Zach Bogosian,IR4,CBJ
Will Carrier,RW4,CBJ
Daniel Catenacci,Scratched,CBJ
Carlo Colaiacovo,Scratched,CBJ
Nick Crawford,Scratched,CBJ
Jerry D'Amigo,Scratched,CBJ
Nicolas Deslauriers,IR3,CBJ
Matt Donovan,Scratched,CBJ
Jack Eichel,C2,CBJ
Matt Ellis,Scratched,CBJ
Tyler Ennis,IR5,CBJ
Justin Falk,RD3,CBJ
Hudson Fasching,Scratched,CBJ
Taylor Fedun,LD3,CBJ
Marcus Foligno,LW3,CBJ
Cody Franson,RD2,CBJ
Brian Gionta,RW3,CBJ
Zemgus Girgensons,RW1,CBJ
Josh Gorges,IR6,CBJ
Derek Grant,LW2,CBJ
Brendan Guhle,LD2,CBJ
Alex Guptill,,CBJ
Jochen Hecht,Scratched,CBJ
Evander Kane,C4,CBJ
Jason Kasdorf,,CBJ
Rostislav Klesla,Scratched,CBJ
Connor Knapp,Scratched,CBJ
Dmitry Kulikov,IR2,CBJ
Jacob Lagace,,CBJ
Johan Larsson,C3,CBJ
Robin Lehner,G1,CBJ
Ville Leino,Scratched,CBJ
Nathan Lieuwen,Scratched,CBJ
Matt MacKenzie,,CBJ
Andrey Makarov,Scratched,CBJ
Jake McCabe,LD1,CBJ
Cody McCormick,IR1,CBJ
Matt Moulson,LW4,CBJ
Casey Nelson,Scratched,CBJ
Anders Nilsson,G2,CBJ
Alex Nylander,Scratched,CBJ
Eric O'Dell,Scratched,CBJ
Cal O'Reilly,Scratched,CBJ
Ryan O'Reilly,C1,CBJ
Kyle Okposo,LW1,CBJ
Linus Omark,Scratched,CBJ
Dennis Persson,,CBJ
Sam Reinhart,RW2,CBJ
Rasmus Ristolainen,RD1,CBJ
Evan Rodrigues,Scratched,CBJ
Drew Schiestel,,CBJ
Cole Schneider,Scratched,CBJ
Michael Sdao,,CBJ
Alexander Sulzer,Scratched,CBJ
Kevin Sundher,,CBJ
Paul Szczechura,Scratched,CBJ
Shawn Szydlowski,,CBJ
Jamie Tardif,Scratched,CBJ
Linus Ullmark,Scratched,CBJ
Justin Bailey,Scratched,CGY
Nick Baptiste,Scratched,CGY
Zach Bogosian,IR4,CGY
Will Carrier,RW4,CGY
Daniel Catenacci,Scratched,CGY
Carlo Colaiacovo,Scratched,CGY
Nick Crawford,Scratched,CGY
Jerry D'Amigo,Scratched,CGY
Nicolas Deslauriers,IR3,CGY
Matt Donovan,Scratched,CGY
Jack Eichel,C2,CGY
Matt Ellis,Scratched,CGY
Tyler Ennis,IR5,CGY
Justin Falk,RD3,CGY
Hudson Fasching,Scratched,CGY
Taylor Fedun,LD3,CGY
Marcus Foligno,LW3,CGY
Cody Franson,RD2,CGY
Brian Gionta,RW3,CGY
Zemgus Girgensons,RW1,CGY
Josh Gorges,IR6,CGY
Derek Grant,LW2,CGY
Brendan Guhle,LD2,CGY
Alex Guptill,,CGY
Jochen Hecht,Scratched,CGY
Evander Kane,C4,CGY
Jason Kasdorf,,CGY
Rostislav Klesla,Scratched,CGY
Connor Knapp,Scratched,CGY
Dmitry Kulikov,IR2,CGY
Jacob Lagace,,CGY
Johan Larsson,C3,CGY
Robin Lehner,G1,CGY
Ville Leino,Scratched,CGY
Nathan Lieuwen,Scratched,CGY
Matt MacKenzie,,CGY
Andrey Makarov,Scratched,CGY
Jake McCabe,LD1,CGY
Cody McCormick,IR1,CGY
Matt Moulson,LW4,CGY
Casey Nelson,Scratched,CGY
Anders Nilsson,G2,CGY
Alex Nylander,Scratched,CGY
Eric O'Dell,Scratched,CGY
Cal O'Reilly,Scratched,CGY
Ryan O'Reilly,C1,CGY
Kyle Okposo,LW1,CGY
Linus Omark,Scratched,CGY
Dennis Persson,,CGY
Sam Reinhart,RW2,CGY
Rasmus Ristolainen,RD1,CGY
Evan Rodrigues,Scratched,CGY
Drew Schiestel,,CGY
Cole Schneider,Scratched,CGY
Michael Sdao,,CGY
Alexander Sulzer,Scratched,CGY
Kevin Sundher,,CGY
Paul Szczechura,Scratched,CGY
Shawn Szydlowski,,CGY
Jamie Tardif,Scratched,CGY
Linus Ullmark,Scratched,CGY
Justin Bailey,Scratched,CHI
Nick Baptiste,Scratched,CHI
Zach Bogosian,IR4,CHI
Will Carrier,RW4,CHI
Daniel Catenacci,Scratched,CHI
Carlo Colaiacovo,Scratched,CHI
Nick Crawford,Scratched,CHI
Jerry D'Amigo,Scratched,CHI
Nicolas Deslauriers,IR3,CHI
Matt Donovan,Scratched,CHI
Jack Eichel,C2,CHI
Matt Ellis,Scratched,CHI
Tyler Ennis,IR5,CHI
Justin Falk,RD3,CHI
Hudson Fasching,Scratched,CHI
Taylor Fedun,LD3,CHI
Marcus Foligno,LW3,CHI
Cody Franson,RD2,CHI
Brian Gionta,RW3,CHI
Zemgus Girgensons,RW1,CHI
Josh Gorges,IR6,CHI
Derek Grant,LW2,CHI
Brendan Guhle,LD2,CHI
Alex Guptill,,CHI
Jochen Hecht,Scratched,CHI
Evander Kane,C4,CHI
Jason Kasdorf,,CHI
Rostislav Klesla,Scratched,CHI
Connor Knapp,Scratched,CHI
Dmitry Kulikov,IR2,CHI
Jacob Lagace,,CHI
Johan Larsson,C3,CHI
Robin Lehner,G1,CHI
Ville Leino,Scratched,CHI
Nathan Lieuwen,Scratched,CHI
Matt MacKenzie,,CHI
Andrey Makarov,Scratched,CHI
Jake McCabe,LD1,CHI
Cody McCormick,IR1,CHI
Matt Moulson,LW4,CHI
Casey Nelson,Scratched,CHI
Anders Nilsson,G2,CHI
Alex Nylander,Scratched,CHI
Eric O'Dell,Scratched,CHI
Cal O'Reilly,Scratched,CHI
Ryan O'Reilly,C1,CHI
Kyle Okposo,LW1,CHI
Linus Omark,Scratched,CHI
Dennis Persson,,CHI
Sam Reinhart,RW2,CHI
Rasmus Ristolainen,RD1,CHI
Evan Rodrigues,Scratched,CHI
Drew Schiestel,,CHI
Cole Schneider,Scratched,CHI
Michael Sdao,,CHI
Alexander Sulzer,Scratched,CHI
Kevin Sundher,,CHI
Paul Szczechura,Scratched,CHI
Shawn Szydlowski,,CHI
Jamie Tardif,Scratched,CHI
Linus Ullmark,Scratched,CHI
Justin Bailey,Scratched,COL
Nick Baptiste,Scratched,COL
Zach Bogosian,IR4,COL
Will Carrier,RW4,COL
Daniel Catenacci,Scratched,COL
Carlo Colaiacovo,Scratched,COL
Nick Crawford,Scratched,COL
Jerry D'Amigo,Scratched,COL
Nicolas Deslauriers,IR3,COL
Matt Donovan,Scratched,COL
Jack Eichel,C2,COL
Matt Ellis,Scratched,COL
Tyler Ennis,IR5,COL
Justin Falk,RD3,COL
Hudson Fasching,Scratched,COL
Taylor Fedun,LD3,COL
Marcus Foligno,LW3,COL
Cody Franson,RD2,COL
Brian Gionta,RW3,COL
Zemgus Girgensons,RW1,COL
Josh Gorges,IR6,COL
Derek Grant,LW2,COL
Brendan Guhle,LD2,COL
Alex Guptill,,COL
Jochen Hecht,Scratched,COL
Evander Kane,C4,COL
Jason Kasdorf,,COL
Rostislav Klesla,Scratched,COL
Connor Knapp,Scratched,COL
Dmitry Kulikov,IR2,COL
Jacob Lagace,,COL
Johan Larsson,C3,COL
Robin Lehner,G1,COL
Ville Leino,Scratched,COL
Nathan Lieuwen,Scratched,COL
Matt MacKenzie,,COL
Andrey Makarov,Scratched,COL
Jake McCabe,LD1,COL
Cody McCormick,IR1,COL
Matt Moulson,LW4,COL
Casey Nelson,Scratched,COL
Anders Nilsson,G2,COL
Alex Nylander,Scratched,COL
Eric O'Dell,Scratched,COL
Cal O'Reilly,Scratched,COL
Ryan O'Reilly,C1,COL
Kyle Okposo,LW1,COL
Linus Omark,Scratched,COL
Dennis Persson,,COL
Sam Reinhart,RW2,COL
Rasmus Ristolainen,RD1,COL
Evan Rodrigues,Scratched,COL
Drew Schiestel,,COL
Cole Schneider,Scratched,COL
Michael Sdao,,COL
Alexander Sulzer,Scratched,COL
Kevin Sundher,,COL
Paul Szczechura,Scratched,COL
Shawn Szydlowski,,COL
Jamie Tardif,Scratched,COL
Linus Ullmark,Scratched,COL
Justin Bailey,Scratched,DAL
Nick Baptiste,Scratched,DAL
Zach Bogosian,IR4,DAL
Will Carrier,RW4,DAL
Daniel Catenacci,Scratched,DAL
Carlo Colaiacovo,Scratched,DAL
Nick Crawford,Scratched,DAL
Jerry D'Amigo,Scratched,DAL
Nicolas Deslauriers,IR3,DAL
Matt Donovan,Scratched,DAL
Jack Eichel,C2,DAL
Matt Ellis,Scratched,DAL
Tyler Ennis,IR5,DAL
Justin Falk,RD3,DAL
Hudson Fasching,Scratched,DAL
Taylor Fedun,LD3,DAL
Marcus Foligno,LW3,DAL
Cody Franson,RD2,DAL
Brian Gionta,RW3,DAL
Zemgus Girgensons,RW1,DAL
Josh Gorges,IR6,DAL
Derek Grant,LW2,DAL
Brendan Guhle,LD2,DAL
Alex Guptill,,DAL
Jochen Hecht,Scratched,DAL
Evander Kane,C4,DAL
Jason Kasdorf,,DAL
Rostislav Klesla,Scratched,DAL
Connor Knapp,Scratched,DAL
Dmitry Kulikov,IR2,DAL
Jacob Lagace,,DAL
Johan Larsson,C3,DAL
Robin Lehner,G1,DAL
Ville Leino,Scratched,DAL
Nathan Lieuwen,Scratched,DAL
Matt MacKenzie,,DAL
Andrey Makarov,Scratched,DAL
Jake McCabe,LD1,DAL
Cody McCormick,IR1,DAL
Matt Moulson,LW4,DAL
Casey Nelson,Scratched,DAL
Anders Nilsson,G2,DAL
Alex Nylander,Scratched,DAL
Eric O'Dell,Scratched,DAL
Cal O'Reilly,Scratched,DAL
Ryan O'Reilly,C1,DAL
Kyle Okposo,LW1,DAL
Linus Omark,Scratched,DAL
Dennis Persson,,DAL
Sam Reinhart,RW2,DAL
Rasmus Ristolainen,RD1,DAL
Evan Rodrigues,Scratched,DAL
Drew Schiestel,,DAL
Cole Schneider,Scratched,DAL
Michael Sdao,,DAL
Alexander Sulzer,Scratched,DAL
Kevin Sundher,,DAL
Paul Szczechura,Scratched,DAL
Shawn Szydlowski,,DAL
Jamie Tardif,Scratched,DAL
Linus Ullmark,Scratched,DAL
Justin Bailey,Scratched,DET
Nick Baptiste,Scratched,DET
Zach Bogosian,IR4,DET
Will Carrier,RW4,DET
Daniel Catenacci,Scratched,DET
Carlo Colaiacovo,Scratched,DET
Nick Crawford,Scratched,DET
Jerry D'Amigo,Scratched,DET
Nicolas Deslauriers,IR3,DET
Matt Donovan,Scratched,DET
Jack Eichel,C2,DET
Matt Ellis,Scratched,DET
Tyler Ennis,IR5,DET
Justin Falk,RD3,DET
Hudson Fasching,Scratched,DET
Taylor Fedun,LD3,DET
Marcus Foligno,LW3,DET
Cody Franson,RD2,DET
Brian Gionta,RW3,DET
Zemgus Girgensons,RW1,DET
Josh Gorges,IR6,DET
Derek Grant,LW2,DET
Brendan Guhle,LD2,DET
Alex Guptill,,DET
Jochen Hecht,Scratched,DET
Evander Kane,C4,DET
Jason Kasdorf,,DET
Rostislav Klesla,Scratched,DET
Connor Knapp,Scratched,DET
Dmitry Kulikov,IR2,DET
Jacob Lagace,,DET
Johan Larsson,C3,DET
Robin Lehner,G1,DET
Ville Leino,Scratched,DET
Nathan Lieuwen,Scratched,DET
Matt MacKenzie,,DET
Andrey Makarov,Scratched,DET
Jake McCabe,LD1,DET
Cody McCormick,IR1,DET
Matt Moulson,LW4,DET
Casey Nelson,Scratched,DET
Anders Nilsson,G2,DET
Alex Nylander,Scratched,DET
Eric O'Dell,Scratched,DET
Cal O'Reilly,Scratched,DET
Ryan O'Reilly,C1,DET
Kyle Okposo,LW1,DET
Linus Omark,Scratched,DET
Dennis Persson,,DET
Sam Reinhart,RW2,DET
Rasmus Ristolainen,RD1,DET
Evan Rodrigues,Scratched,DET
Drew Schiestel,,DET
Cole Schneider,Scratched,DET
Michael Sdao,,DET
Alexander Sulzer,Scratched,DET
Kevin Sundher,,DET
Paul Szczechura,Scratched,DET
Shawn Szydlowski,,DET
Jamie Tardif,Scratched,DET
Linus Ullmark,Scratched,DET
Justin Bailey,Scratched,EDM
Nick Baptiste,Scratched,EDM
Zach Bogosian,IR4,EDM
Will Carrier,RW4,EDM
Daniel Catenacci,Scratched,EDM
Carlo Colaiacovo,Scratched,EDM
Nick Crawford,Scratched,EDM
Jerry D'Amigo,Scratched,EDM
Nicolas Deslauriers,IR3,EDM
Matt Donovan,Scratched,EDM
Jack Eichel,C2,EDM
Matt Ellis,Scratched,EDM
Tyler Ennis,IR5,EDM
Justin Falk,RD3,EDM
Hudson Fasching,Scratched,EDM
Taylor Fedun,LD3,EDM
Marcus Foligno,LW3,EDM
Cody Franson,RD2,EDM
Brian Gionta,RW3,EDM
Zemgus Girgensons,RW1,EDM
Josh Gorges,IR6,EDM
Derek Grant,LW2,EDM
Brendan Guhle,LD2,EDM
Alex Guptill,,EDM
Jochen Hecht,Scratched,EDM
Evander Kane,C4,EDM
Jason Kasdorf,,EDM
Rostislav Klesla,Scratched,EDM
Connor Knapp,Scratched,EDM
Dmitry Kulikov,IR2,EDM
Jacob Lagace,,EDM
Johan Larsson,C3,EDM
Robin Lehner,G1,EDM
Ville Leino,Scratched,EDM
Nathan Lieuwen,Scratched,EDM
Matt MacKenzie,,EDM
Andrey Makarov,Scratched,EDM
Jake McCabe,LD1,EDM
Cody McCormick,IR1,EDM
Matt Moulson,LW4,EDM
Casey Nelson,Scratched,EDM
Anders Nilsson,G2,EDM
Alex Nylander,Scratched,EDM
Eric O'Dell,Scratched,EDM
Cal O'Reilly,Scratched,EDM
Ryan O'Reilly,C1,EDM
Kyle Okposo,LW1,EDM
Linus Omark,Scratched,EDM
Dennis Persson,,EDM
Sam Reinhart,RW2,EDM
Rasmus Ristolainen,RD1,EDM
Evan Rodrigues,Scratched,EDM
Drew Schiestel,,EDM
Cole Schneider,Scratched,EDM
Michael Sdao,,EDM
Alexander Sulzer,Scratched,EDM
Kevin Sundher,,EDM
Paul Szczechura,Scratched,EDM
Shawn Szydlowski,,EDM
Jamie Tardif,Scratched,EDM
Linus Ullmark,Scratched,EDM
Justin Bailey,Scratched,FLA
Nick Baptiste,Scratched,FLA
Zach Bogosian,IR4,FLA
Will Carrier,RW4,FLA
Daniel Catenacci,Scratched,FLA
Carlo Colaiacovo,Scratched,FLA
Nick Crawford,Scratched,FLA
Jerry D'Amigo,Scratched,FLA
Nicolas Deslauriers,IR3,FLA
Matt Donovan,Scratched,FLA
Jack Eichel,C2,FLA
Matt Ellis,Scratched,FLA
Tyler Ennis,IR5,FLA
Justin Falk,RD3,FLA
Hudson Fasching,Scratched,FLA
Taylor Fedun,LD3,FLA
Marcus Foligno,LW3,FLA
Cody Franson,RD2,FLA
Brian Gionta,RW3,FLA
Zemgus Girgensons,RW1,FLA
Josh Gorges,IR6,FLA
Derek Grant,LW2,FLA
Brendan Guhle,LD2,FLA
Alex Guptill,,FLA
Jochen Hecht,Scratched,FLA
Evander Kane,C4,FLA
Jason Kasdorf,,FLA
Rostislav Klesla,Scratched,FLA
Connor Knapp,Scratched,FLA
Dmitry Kulikov,IR2,FLA
Jacob Lagace,,FLA
Johan Larsson,C3,FLA
Robin Lehner,G1,FLA
Ville Leino,Scratched,FLA
Nathan Lieuwen,Scratched,FLA
Matt MacKenzie,,FLA
Andrey Makarov,Scratched,FLA
Jake McCabe,LD1,FLA
Cody McCormick,IR1,FLA
Matt Moulson,LW4,FLA
Casey Nelson,Scratched,FLA
Anders Nilsson,G2,FLA
Alex Nylander,Scratched,FLA
Eric O'Dell,Scratched,FLA
Cal O'Reilly,Scratched,FLA
Ryan O'Reilly,C1,FLA
Kyle Okposo,LW1,FLA
Linus Omark,Scratched,FLA
Dennis Persson,,FLA
Sam Reinhart,RW2,FLA
Rasmus Ristolainen,RD1,FLA
Evan Rodrigues,Scratched,FLA
Drew Schiestel,,FLA
Cole Schneider,Scratched,FLA
Michael Sdao,,FLA
Alexander Sulzer,Scratched,FLA
Kevin Sundher,,FLA
Paul Szczechura,Scratched,FLA
Shawn Szydlowski,,FLA
Jamie Tardif,Scratched,FLA
Linus Ullmark,Scratched,FLA
Justin Bailey,Scratched,LAK
Nick Baptiste,Scratched,LAK
Zach Bogosian,IR4,LAK
Will Carrier,RW4,LAK
Daniel Catenacci,Scratched,LAK
Carlo Colaiacovo,Scratched,LAK
Nick Crawford,Scratched,LAK
Jerry D'Amigo,Scratched,LAK
Nicolas Deslauriers,IR3,LAK
Matt Donovan,Scratched,LAK
Jack Eichel,C2,LAK
Matt Ellis,Scratched,LAK
Tyler Ennis,IR5,LAK
Justin Falk,RD3,LAK
Hudson Fasching,Scratched,LAK
Taylor Fedun,LD3,LAK
Marcus Foligno,LW3,LAK
Cody Franson,RD2,LAK
Brian Gionta,RW3,LAK
Zemgus Girgensons,RW1,LAK
Josh Gorges,IR6,LAK
Derek Grant,LW2,LAK
Brendan Guhle,LD2,LAK
Alex Guptill,,LAK
Jochen Hecht,Scratched,LAK
Evander Kane,C4,LAK
Jason Kasdorf,,LAK
Rostislav Klesla,Scratched,LAK
Connor Knapp,Scratched,LAK
Dmitry Kulikov,IR2,LAK
Jacob Lagace,,LAK
Johan Larsson,C3,LAK
Robin Lehner,G1,LAK
Ville Leino,Scratched,LAK
Nathan Lieuwen,Scratched,LAK
Matt MacKenzie,,LAK
Andrey Makarov,Scratched,LAK
Jake McCabe,LD1,LAK
Cody McCormick,IR1,LAK
Matt Moulson,LW4,LAK
Casey Nelson,Scratched,LAK
Anders Nilsson,G2,LAK
Alex Nylander,Scratched,LAK
Eric O'Dell,Scratched,LAK
Cal O'Reilly,Scratched,LAK
Ryan O'Reilly,C1,LAK
Kyle Okposo,LW1,LAK
Linus Omark,Scratched,LAK
Dennis Persson,,LAK
Sam Reinhart,RW2,LAK
Rasmus Ristolainen,RD1,LAK
Evan Rodrigues,Scratched,LAK
Drew Schiestel,,LAK
Cole Schneider,Scratched,LAK
Michael Sdao,,LAK
Alexander Sulzer,Scratched,LAK
Kevin Sundher,,LAK
Paul Szczechura,Scratched,LAK
Shawn Szydlowski,,LAK
Jamie Tardif,Scratched,LAK
Linus Ullmark,Scratched,LAK
Justin Bailey,Scratched,MIN
Nick Baptiste,Scratched,MIN
Zach Bogosian,IR4,MIN
Will Carrier,RW4,MIN
Daniel Catenacci,Scratched,MIN
Carlo Colaiacovo,Scratched,MIN
Nick Crawford,Scratched,MIN
Jerry D'Amigo,Scratched,MIN
Nicolas Deslauriers,IR3,MIN
Matt Donovan,Scratched,MIN
Jack Eichel,C2,MIN
Matt Ellis,Scratched,MIN
Tyler Ennis,IR5,MIN
Justin Falk,RD3,MIN
Hudson Fasching,Scratched,MIN
Taylor Fedun,LD3,MIN
Marcus Foligno,LW3,MIN
Cody Franson,RD2,MIN
Brian Gionta,RW3,MIN
Zemgus Girgensons,RW1,MIN
Josh Gorges,IR6,MIN
Derek Grant,LW2,MIN
Brendan Guhle,LD2,MIN
Alex Guptill,,MIN
Jochen Hecht,Scratched,MIN
Evander Kane,C4,MIN
Jason Kasdorf,,MIN
Rostislav Klesla,Scratched,MIN
Connor Knapp,Scratched,MIN
Dmitry Kulikov,IR2,MIN
Jacob Lagace,,MIN
Johan Larsson,C3,MIN
Robin Lehner,G1,MIN
Ville Leino,Scratched,MIN
Nathan Lieuwen,Scratched,MIN
Matt MacKenzie,,MIN
Andrey Makarov,Scratched,MIN
Jake McCabe,LD1,MIN
Cody McCormick,IR1,MIN
Matt Moulson,LW4,MIN
Casey Nelson,Scratched,MIN
Anders Nilsson,G2,MIN
Alex Nylander,Scratched,MIN
Eric O'Dell,Scratched,MIN
Cal O'Reilly,Scratched,MIN
Ryan O'Reilly,C1,MIN
Kyle Okposo,LW1,MIN
Linus Omark,Scratched,MIN
Dennis Persson,,MIN
Sam Reinhart,RW2,MIN
Rasmus Ristolainen,RD1,MIN
Evan Rodrigues,Scratched,MIN
Drew Schiestel,,MIN
Cole Schneider,Scratched,MIN
Michael Sdao,,MIN
Alexander Sulzer,Scratched,MIN
Kevin Sundher,,MIN
Paul Szczechura,Scratched,MIN
Shawn Szydlowski,,MIN
Jamie Tardif,Scratched,MIN
Linus Ullmark,Scratched,MIN
Justin Bailey,Scratched,MTL
Nick Baptiste,Scratched,MTL
Zach Bogosian,IR4,MTL
Will Carrier,RW4,MTL
Daniel Catenacci,Scratched,MTL
Carlo Colaiacovo,Scratched,MTL
Nick Crawford,Scratched,MTL
Jerry D'Amigo,Scratched,MTL
Nicolas Deslauriers,IR3,MTL
Matt Donovan,Scratched,MTL
Jack Eichel,C2,MTL
Matt Ellis,Scratched,MTL
Tyler Ennis,IR5,MTL
Justin Falk,RD3,MTL
Hudson Fasching,Scratched,MTL
Taylor Fedun,LD3,MTL
Marcus Foligno,LW3,MTL
Cody Franson,RD2,MTL
Brian Gionta,RW3,MTL
Zemgus Girgensons,RW1,MTL
Josh Gorges,IR6,MTL
Derek Grant,LW2,MTL
Brendan Guhle,LD2,MTL
Alex Guptill,,MTL
Jochen Hecht,Scratched,MTL
Evander Kane,C4,MTL
Jason Kasdorf,,MTL
Rostislav Klesla,Scratched,MTL
Connor Knapp,Scratched,MTL
Dmitry Kulikov,IR2,MTL
Jacob Lagace,,MTL
Johan Larsson,C3,MTL
Robin Lehner,G1,MTL
Ville Leino,Scratched,MTL
Nathan Lieuwen,Scratched,MTL
Matt MacKenzie,,MTL
Andrey Makarov,Scratched,MTL
Jake McCabe,LD1,MTL
Cody McCormick,IR1,MTL
Matt Moulson,LW4,MTL
Casey Nelson,Scratched,MTL
Anders Nilsson,G2,MTL
Alex Nylander,Scratched,MTL
Eric O'Dell,Scratched,MTL
Cal O'Reilly,Scratched,MTL
Ryan O'Reilly,C1,MTL
Kyle Okposo,LW1,MTL
Linus Omark,Scratched,MTL
Dennis Persson,,MTL
Sam Reinhart,RW2,MTL
Rasmus Ristolainen,RD1,MTL
Evan Rodrigues,Scratched,MTL
Drew Schiestel,,MTL
Cole Schneider,Scratched,MTL
Michael Sdao,,MTL
Alexander Sulzer,Scratched,MTL
Kevin Sundher,,MTL
Paul Szczechura,Scratched,MTL
Shawn Szydlowski,,MTL
Jamie Tardif,Scratched,MTL
Linus Ullmark,Scratched,MTL
Justin Bailey,Scratched,NJD
Nick Baptiste,Scratched,NJD
Zach Bogosian,IR4,NJD
Will Carrier,RW4,NJD
Daniel Catenacci,Scratched,NJD
Carlo Colaiacovo,Scratched,NJD
Nick Crawford,Scratched,NJD
Jerry D'Amigo,Scratched,NJD
Nicolas Deslauriers,IR3,NJD
Matt Donovan,Scratched,NJD
Jack Eichel,C2,NJD
Matt Ellis,Scratched,NJD
Tyler Ennis,IR5,NJD
Justin Falk,RD3,NJD
Hudson Fasching,Scratched,NJD
Taylor Fedun,LD3,NJD
Marcus Foligno,LW3,NJD
Cody Franson,RD2,NJD
Brian Gionta,RW3,NJD
Zemgus Girgensons,RW1,NJD
Josh Gorges,IR6,NJD
Derek Grant,LW2,NJD
Brendan Guhle,LD2,NJD
Alex Guptill,,NJD
Jochen Hecht,Scratched,NJD
Evander Kane,C4,NJD
Jason Kasdorf,,NJD
Rostislav Klesla,Scratched,NJD
Connor Knapp,Scratched,NJD
Dmitry Kulikov,IR2,NJD
Jacob Lagace,,NJD
Johan Larsson,C3,NJD
Robin Lehner,G1,NJD
Ville Leino,Scratched,NJD
Nathan Lieuwen,Scratched,NJD
Matt MacKenzie,,NJD
Andrey Makarov,Scratched,NJD
Jake McCabe,LD1,NJD
Cody McCormick,IR1,NJD
Matt Moulson,LW4,NJD
Casey Nelson,Scratched,NJD
Anders Nilsson,G2,NJD
Alex Nylander,Scratched,NJD
Eric O'Dell,Scratched,NJD
Cal O'Reilly,Scratched,NJD
Ryan O'Reilly,C1,NJD
Kyle Okposo,LW1,NJD
Linus Omark,Scratched,NJD
Dennis Persson,,NJD
Sam Reinhart,RW2,NJD
Rasmus Ristolainen,RD1,NJD
Evan Rodrigues,Scratched,NJD
Drew Schiestel,,NJD
Cole Schneider,Scratched,NJD
Michael Sdao,,NJD
Alexander Sulzer,Scratched,NJD
Kevin Sundher,,NJD
Paul Szczechura,Scratched,NJD
Shawn Szydlowski,,NJD
Jamie Tardif,Scratched,NJD
Linus Ullmark,Scratched,NJD
Justin Bailey,Scratched,NSH
Nick Baptiste,Scratched,NSH
Zach Bogosian,IR4,NSH
Will Carrier,RW4,NSH
Daniel Catenacci,Scratched,NSH
Carlo Colaiacovo,Scratched,NSH
Nick Crawford,Scratched,NSH
Jerry D'Amigo,Scratched,NSH
Nicolas Deslauriers,IR3,NSH
Matt Donovan,Scratched,NSH
Jack Eichel,C2,NSH
Matt Ellis,Scratched,NSH
Tyler Ennis,IR5,NSH
Justin Falk,RD3,NSH
Hudson Fasching,Scratched,NSH
Taylor Fedun,LD3,NSH
Marcus Foligno,LW3,NSH
Cody Franson,RD2,NSH
Brian Gionta,RW3,NSH
Zemgus Girgensons,RW1,NSH
Josh Gorges,IR6,NSH
Derek Grant,LW2,NSH
Brendan Guhle,LD2,NSH
Alex Guptill,,NSH
Jochen Hecht,Scratched,NSH
Evander Kane,C4,NSH
Jason Kasdorf,,NSH
Rostislav Klesla,Scratched,NSH
Connor Knapp,Scratched,NSH
Dmitry Kulikov,IR2,NSH
Jacob Lagace,,NSH
Johan Larsson,C3,NSH
Robin Lehner,G1,NSH
Ville Leino,Scratched,NSH
Nathan Lieuwen,Scratched,NSH
Matt MacKenzie,,NSH
Andrey Makarov,Scratched,NSH
Jake McCabe,LD1,NSH
Cody McCormick,IR1,NSH
Matt Moulson,LW4,NSH
Casey Nelson,Scratched,NSH
Anders Nilsson,G2,NSH
Alex Nylander,Scratched,NSH
Eric O'Dell,Scratched,NSH
Cal O'Reilly,Scratched,NSH
Ryan O'Reilly,C1,NSH
Kyle Okposo,LW1,NSH
Linus Omark,Scratched,NSH
Dennis Persson,,NSH
Sam Reinhart,RW2,NSH
Rasmus Ristolainen,RD1,NSH
Evan Rodrigues,Scratched,NSH
Drew Schiestel,,NSH
Cole Schneider,Scratched,NSH
Michael Sdao,,NSH
Alexander Sulzer,Scratched,NSH
Kevin Sundher,,NSH
Paul Szczechura,Scratched,NSH
Shawn Szydlowski,,NSH
Jamie Tardif,Scratched,NSH
Linus Ullmark,Scratched,NSH
Justin Bailey,Scratched,NYI
Nick Baptiste,Scratched,NYI
Zach Bogosian,IR4,NYI
Will Carrier,RW4,NYI
Daniel Catenacci,Scratched,NYI
Carlo Colaiacovo,Scratched,NYI
Nick Crawford,Scratched,NYI
Jerry D'Amigo,Scratched,NYI
Nicolas Deslauriers,IR3,NYI
Matt Donovan,Scratched,NYI
Jack Eichel,C2,NYI
Matt Ellis,Scratched,NYI
Tyler Ennis,IR5,NYI
Justin Falk,RD3,NYI
Hudson Fasching,Scratched,NYI
Taylor Fedun,LD3,NYI
Marcus Foligno,LW3,NYI
Cody Franson,RD2,NYI
Brian Gionta,RW3,NYI
Zemgus Girgensons,RW1,NYI
Josh Gorges,IR6,NYI
Derek Grant,LW2,NYI
Brendan Guhle,LD2,NYI
Alex Guptill,,NYI
Jochen Hecht,Scratched,NYI
Evander Kane,C4,NYI
Jason Kasdorf,,NYI
Rostislav Klesla,Scratched,NYI
Connor Knapp,Scratched,NYI
Dmitry Kulikov,IR2,NYI
Jacob Lagace,,NYI
Johan Larsson,C3,NYI
Robin Lehner,G1,NYI
Ville Leino,Scratched,NYI
Nathan Lieuwen,Scratched,NYI
Matt MacKenzie,,NYI
Andrey Makarov,Scratched,NYI
Jake McCabe,LD1,NYI
Cody McCormick,IR1,NYI
Matt Moulson,LW4,NYI
Casey Nelson,Scratched,NYI
Anders Nilsson,G2,NYI
Alex Nylander,Scratched,NYI
Eric O'Dell,Scratched,NYI
Cal O'Reilly,Scratched,NYI
Ryan O'Reilly,C1,NYI
Kyle Okposo,LW1,NYI
Linus Omark,Scratched,NYI
Dennis Persson,,NYI
Sam Reinhart,RW2,NYI
Rasmus Ristolainen,RD1,NYI
Evan Rodrigues,Scratched,NYI
Drew Schiestel,,NYI
Cole Schneider,Scratched,NYI
Michael Sdao,,NYI
Alexander Sulzer,Scratched,NYI
Kevin Sundher,,NYI
Paul Szczechura,Scratched,NYI
Shawn Szydlowski,,NYI
Jamie Tardif,Scratched,NYI
Linus Ullmark,Scratched,NYI
Justin Bailey,Scratched,NYR
Nick Baptiste,Scratched,NYR
Zach Bogosian,IR4,NYR
Will Carrier,RW4,NYR
Daniel Catenacci,Scratched,NYR
Carlo Colaiacovo,Scratched,NYR
Nick Crawford,Scratched,NYR
Jerry D'Amigo,Scratched,NYR
Nicolas Deslauriers,IR3,NYR
Matt Donovan,Scratched,NYR
Jack Eichel,C2,NYR
Matt Ellis,Scratched,NYR
Tyler Ennis,IR5,NYR
Justin Falk,RD3,NYR
Hudson Fasching,Scratched,NYR
Taylor Fedun,LD3,NYR
Marcus Foligno,LW3,NYR
Cody Franson,RD2,NYR
Brian Gionta,RW3,NYR
Zemgus Girgensons,RW1,NYR
Josh Gorges,IR6,NYR
Derek Grant,LW2,NYR
Brendan Guhle,LD2,NYR
Alex Guptill,,NYR
Jochen Hecht,Scratched,NYR
Evander Kane,C4,NYR
Jason Kasdorf,,NYR
Rostislav Klesla,Scratched,NYR
Connor Knapp,Scratched,NYR
Dmitry Kulikov,IR2,NYR
Jacob Lagace,,NYR
Johan Larsson,C3,NYR
Robin Lehner,G1,NYR
Ville Leino,Scratched,NYR
Nathan Lieuwen,Scratched,NYR
Matt MacKenzie,,NYR
Andrey Makarov,Scratched,NYR
Jake McCabe,LD1,NYR
Cody McCormick,IR1,NYR
Matt Moulson,LW4,NYR
Casey Nelson,Scratched,NYR
Anders Nilsson,G2,NYR
Alex Nylander,Scratched,NYR
Eric O'Dell,Scratched,NYR
Cal O'Reilly,Scratched,NYR
Ryan O'Reilly,C1,NYR
Kyle Okposo,LW1,NYR
Linus Omark,Scratched,NYR
Dennis Persson,,NYR
Sam Reinhart,RW2,NYR
Rasmus Ristolainen,RD1,NYR
Evan Rodrigues,Scratched,NYR
Drew Schiestel,,NYR
Cole Schneider,Scratched,NYR
Michael Sdao,,NYR
Alexander Sulzer,Scratched,NYR
Kevin Sundher,,NYR
Paul Szczechura,Scratched,NYR
Shawn Szydlowski,,NYR
Jamie Tardif,Scratched,NYR
Linus Ullmark,Scratched,NYR
Justin Bailey,Scratched,OTT
Nick Baptiste,Scratched,OTT
Zach Bogosian,IR4,OTT
Will Carrier,RW4,OTT
Daniel Catenacci,Scratched,OTT
Carlo Colaiacovo,Scratched,OTT
Nick Crawford,Scratched,OTT
Jerry D'Amigo,Scratched,OTT
Nicolas Deslauriers,IR3,OTT
Matt Donovan,Scratched,OTT
Jack Eichel,C2,OTT
Matt Ellis,Scratched,OTT
Tyler Ennis,IR5,OTT
Justin Falk,RD3,OTT
Hudson Fasching,Scratched,OTT
Taylor Fedun,LD3,OTT
Marcus Foligno,LW3,OTT
Cody Franson,RD2,OTT
Brian Gionta,RW3,OTT
Zemgus Girgensons,RW1,OTT
Josh Gorges,IR6,OTT
Derek Grant,LW2,OTT
Brendan Guhle,LD2,OTT
Alex Guptill,,OTT
Jochen Hecht,Scratched,OTT
Evander Kane,C4,OTT
Jason Kasdorf,,OTT
Rostislav Klesla,Scratched,OTT
Connor Knapp,Scratched,OTT
Dmitry Kulikov,IR2,OTT
Jacob Lagace,,OTT
Johan Larsson,C3,OTT
Robin Lehner,G1,OTT
Ville Leino,Scratched,OTT
Nathan Lieuwen,Scratched,OTT
Matt MacKenzie,,OTT
Andrey Makarov,Scratched,OTT
Jake McCabe,LD1,OTT
Cody McCormick,IR1,OTT
Matt Moulson,LW4,OTT
Casey Nelson,Scratched,OTT
Anders Nilsson,G2,OTT
Alex Nylander,Scratched,OTT
Eric O'Dell,Scratched,OTT
Cal O'Reilly,Scratched,OTT
Ryan O'Reilly,C1,OTT
Kyle Okposo,LW1,OTT
Linus Omark,Scratched,OTT
Dennis Persson,,OTT
Sam Reinhart,RW2,OTT
Rasmus Ristolainen,RD1,OTT
Evan Rodrigues,Scratched,OTT
Drew Schiestel,,OTT
Cole Schneider,Scratched,OTT
Michael Sdao,,OTT
Alexander Sulzer,Scratched,OTT
Kevin Sundher,,OTT
Paul Szczechura,Scratched,OTT
Shawn Szydlowski,,OTT
Jamie Tardif,Scratched,OTT
Linus Ullmark,Scratched,OTT
Justin Bailey,Scratched,PHI
Nick Baptiste,Scratched,PHI
Zach Bogosian,IR4,PHI
Will Carrier,RW4,PHI
Daniel Catenacci,Scratched,PHI
Carlo Colaiacovo,Scratched,PHI
Nick Crawford,Scratched,PHI
Jerry D'Amigo,Scratched,PHI
Nicolas Deslauriers,IR3,PHI
Matt Donovan,Scratched,PHI
Jack Eichel,C2,PHI
Matt Ellis,Scratched,PHI
Tyler Ennis,IR5,PHI
Justin Falk,RD3,PHI
Hudson Fasching,Scratched,PHI
Taylor Fedun,LD3,PHI
Marcus Foligno,LW3,PHI
Cody Franson,RD2,PHI
Brian Gionta,RW3,PHI
Zemgus Girgensons,RW1,PHI
Josh Gorges,IR6,PHI
Derek Grant,LW2,PHI
Brendan Guhle,LD2,PHI
Alex Guptill,,PHI
Jochen Hecht,Scratched,PHI
Evander Kane,C4,PHI
Jason Kasdorf,,PHI
Rostislav Klesla,Scratched,PHI
Connor Knapp,Scratched,PHI
Dmitry Kulikov,IR2,PHI
Jacob Lagace,,PHI
Johan Larsson,C3,PHI
Robin Lehner,G1,PHI
Ville Leino,Scratched,PHI
Nathan Lieuwen,Scratched,PHI
Matt MacKenzie,,PHI
Andrey Makarov,Scratched,PHI
Jake McCabe,LD1,PHI
Cody McCormick,IR1,PHI
Matt Moulson,LW4,PHI
Casey Nelson,Scratched,PHI
Anders Nilsson,G2,PHI
Alex Nylander,Scratched,PHI
Eric O'Dell,Scratched,PHI
Cal O'Reilly,Scratched,PHI
Ryan O'Reilly,C1,PHI
Kyle Okposo,LW1,PHI
Linus Omark,Scratched,PHI
Dennis Persson,,PHI
Sam Reinhart,RW2,PHI
Rasmus Ristolainen,RD1,PHI
Evan Rodrigues,Scratched,PHI
Drew Schiestel,,PHI
Cole Schneider,Scratched,PHI
Michael Sdao,,PHI
Alexander Sulzer,Scratched,PHI
Kevin Sundher,,PHI
Paul Szczechura,Scratched,PHI
Shawn Szydlowski,,PHI
Jamie Tardif,Scratched,PHI
Linus Ullmark,Scratched,PHI
Justin Bailey,Scratched,PIT
Nick Baptiste,Scratched,PIT
Zach Bogosian,IR4,PIT
Will Carrier,RW4,PIT
Daniel Catenacci,Scratched,PIT
Carlo Colaiacovo,Scratched,PIT
Nick Crawford,Scratched,PIT
Jerry D'Amigo,Scratched,PIT
Nicolas Deslauriers,IR3,PIT
Matt Donovan,Scratched,PIT
Jack Eichel,C2,PIT
Matt Ellis,Scratched,PIT
Tyler Ennis,IR5,PIT
Justin Falk,RD3,PIT
Hudson Fasching,Scratched,PIT
Taylor Fedun,LD3,PIT
Marcus Foligno,LW3,PIT
Cody Franson,RD2,PIT
Brian Gionta,RW3,PIT
Zemgus Girgensons,RW1,PIT
Josh Gorges,IR6,PIT
Derek Grant,LW2,PIT
Brendan Guhle,LD2,PIT
Alex Guptill,,PIT
Jochen Hecht,Scratched,PIT
Evander Kane,C4,PIT
Jason Kasdorf,,PIT
Rostislav Klesla,Scratched,PIT
Connor Knapp,Scratched,PIT
Dmitry Kulikov,IR2,PIT
Jacob Lagace,,PIT
Johan Larsson,C3,PIT
Robin Lehner,G1,PIT
Ville Leino,Scratched,PIT
Nathan Lieuwen,Scratched,PIT
Matt MacKenzie,,PIT
Andrey Makarov,Scratched,PIT
Jake McCabe,LD1,PIT
Cody McCormick,IR1,PIT
Matt Moulson,LW4,PIT
Casey Nelson,Scratched,PIT
Anders Nilsson,G2,PIT
Alex Nylander,Scratched,PIT
Eric O'Dell,Scratched,PIT
Cal O'Reilly,Scratched,PIT
Ryan O'Reilly,C1,PIT
Kyle Okposo,LW1,PIT
Linus Omark,Scratched,PIT
Dennis Persson,,PIT
Sam Reinhart,RW2,PIT
Rasmus Ristolainen,RD1,PIT
Evan Rodrigues,Scratched,PIT
Drew Schiestel,,PIT
Cole Schneider,Scratched,PIT
Michael Sdao,,PIT
Alexander Sulzer,Scratched,PIT
Kevin Sundher,,PIT
Paul Szczechura,Scratched,PIT
Shawn Szydlowski,,PIT
Jamie Tardif,Scratched,PIT
Linus Ullmark,Scratched,PIT
Justin Bailey,Scratched,SJS
Nick Baptiste,Scratched,SJS
Zach Bogosian,IR4,SJS
Will Carrier,RW4,SJS
Daniel Catenacci,Scratched,SJS
Carlo Colaiacovo,Scratched,SJS
Nick Crawford,Scratched,SJS
Jerry D'Amigo,Scratched,SJS
Nicolas Deslauriers,IR3,SJS
Matt Donovan,Scratched,SJS
Jack Eichel,C2,SJS
Matt Ellis,Scratched,SJS
Tyler Ennis,IR5,SJS
Justin Falk,RD3,SJS
Hudson Fasching,Scratched,SJS
Taylor Fedun,LD3,SJS
Marcus Foligno,LW3,SJS
Cody Franson,RD2,SJS
Brian Gionta,RW3,SJS
Zemgus Girgensons,RW1,SJS
Josh Gorges,IR6,SJS
Derek Grant,LW2,SJS
Brendan Guhle,LD2,SJS
Alex Guptill,,SJS
Jochen Hecht,Scratched,SJS
Evander Kane,C4,SJS
Jason Kasdorf,,SJS
Rostislav Klesla,Scratched,SJS
Connor Knapp,Scratched,SJS
Dmitry Kulikov,IR2,SJS
Jacob Lagace,,SJS
Johan Larsson,C3,SJS
Robin Lehner,G1,SJS
Ville Leino,Scratched,SJS
Nathan Lieuwen,Scratched,SJS
Matt MacKenzie,,SJS
Andrey Makarov,Scratched,SJS
Jake McCabe,LD1,SJS
Cody McCormick,IR1,SJS
Matt Moulson,LW4,SJS
Casey Nelson,Scratched,SJS
Anders Nilsson,G2,SJS
Alex Nylander,Scratched,SJS
Eric O'Dell,Scratched,SJS
Cal O'Reilly,Scratched,SJS
Ryan O'Reilly,C1,SJS
Kyle Okposo,LW1,SJS
Linus Omark,Scratched,SJS
Dennis Persson,,SJS
Sam Reinhart,RW2,SJS
Rasmus Ristolainen,RD1,SJS
Evan Rodrigues,Scratched,SJS
Drew Schiestel,,SJS
Cole Schneider,Scratched,SJS
Michael Sdao,,SJS
Alexander Sulzer,Scratched,SJS
Kevin Sundher,,SJS
Paul Szczechura,Scratched,SJS
Shawn Szydlowski,,SJS
Jamie Tardif,Scratched,SJS
Linus Ullmark,Scratched,SJS
Justin Bailey,Scratched,STL
Nick Baptiste,Scratched,STL
Zach Bogosian,IR4,STL
Will Carrier,RW4,STL
Daniel Catenacci,Scratched,STL
Carlo Colaiacovo,Scratched,STL
Nick Crawford,Scratched,STL
Jerry D'Amigo,Scratched,STL
Nicolas Deslauriers,IR3,STL
Matt Donovan,Scratched,STL
Jack Eichel,C2,STL
Matt Ellis,Scratched,STL
Tyler Ennis,IR5,STL
Justin Falk,RD3,STL
Hudson Fasching,Scratched,STL
Taylor Fedun,LD3,STL
Marcus Foligno,LW3,STL
Cody Franson,RD2,STL
Brian Gionta,RW3,STL
Zemgus Girgensons,RW1,STL
Josh Gorges,IR6,STL
Derek Grant,LW2,STL
Brendan Guhle,LD2,STL
Alex Guptill,,STL
Jochen Hecht,Scratched,STL
Evander Kane,C4,STL
Jason Kasdorf,,STL
Rostislav Klesla,Scratched,STL
Connor Knapp,Scratched,STL
Dmitry Kulikov,IR2,STL
Jacob Lagace,,STL
Johan Larsson,C3,STL
Robin Lehner,G1,STL
Ville Leino,Scratched,STL
Nathan Lieuwen,Scratched,STL
Matt MacKenzie,,STL
Andrey Makarov,Scratched,STL
Jake McCabe,LD1,STL
Cody McCormick,IR1,STL
Matt Moulson,LW4,STL
Casey Nelson,Scratched,STL
Anders Nilsson,G2,STL
Alex Nylander,Scratched,STL
Eric O'Dell,Scratched,STL
Cal O'Reilly,Scratched,STL
Ryan O'Reilly,C1,STL
Kyle Okposo,LW1,STL
Linus Omark,Scratched,STL
Dennis Persson,,STL
Sam Reinhart,RW2,STL
Rasmus Ristolainen,RD1,STL
Evan Rodrigues,Scratched,STL
Drew Schiestel,,STL
Cole Schneider,Scratched,STL
Michael Sdao,,STL
Alexander Sulzer,Scratched,STL
Kevin Sundher,,STL
Paul Szczechura,Scratched,STL
Shawn Szydlowski,,STL
Jamie Tardif,Scratched,STL
Linus Ullmark,Scratched,STL
Justin Bailey,Scratched,TBL
Nick Baptiste,Scratched,TBL
Zach Bogosian,IR4,TBL
Will Carrier,RW4,TBL
Daniel Catenacci,Scratched,TBL
Carlo Colaiacovo,Scratched,TBL
Nick Crawford,Scratched,TBL
Jerry D'Amigo,Scratched,TBL
Nicolas Deslauriers,IR3,TBL
Matt Donovan,Scratched,TBL
Jack Eichel,C2,TBL
Matt Ellis,Scratched,TBL
Tyler Ennis,IR5,TBL
Justin Falk,RD3,TBL
Hudson Fasching,Scratched,TBL
Taylor Fedun,LD3,TBL
Marcus Foligno,LW3,TBL
Cody Franson,RD2,TBL
Brian Gionta,RW3,TBL
Zemgus Girgensons,RW1,TBL
Josh Gorges,IR6,TBL
Derek Grant,LW2,TBL
Brendan Guhle,LD2,TBL
Alex Guptill,,TBL
Jochen Hecht,Scratched,TBL
Evander Kane,C4,TBL
Jason Kasdorf,,TBL
Rostislav Klesla,Scratched,TBL
Connor Knapp,Scratched,TBL
Dmitry Kulikov,IR2,TBL
Jacob Lagace,,TBL
Johan Larsson,C3,TBL
Robin Lehner,G1,TBL
Ville Leino,Scratched,TBL
Nathan Lieuwen,Scratched,TBL
Matt MacKenzie,,TBL
Andrey Makarov,Scratched,TBL
Jake McCabe,LD1,TBL
Cody McCormick,IR1,TBL
Matt Moulson,LW4,TBL
Casey Nelson,Scratched,TBL
Anders Nilsson,G2,TBL
Alex Nylander,Scratched,TBL
Eric O'Dell,Scratched,TBL
Cal O'Reilly,Scratched,TBL
Ryan O'Reilly,C1,TBL
Kyle Okposo,LW1,TBL
Linus Omark,Scratched,TBL
Dennis Persson,,TBL
Sam Reinhart,RW2,TBL
Rasmus Ristolainen,RD1,TBL
Evan Rodrigues,Scratched,TBL
Drew Schiestel,,TBL
Cole Schneider,Scratched,TBL
Michael Sdao,,TBL
Alexander Sulzer,Scratched,TBL
Kevin Sundher,,TBL
Paul Szczechura,Scratched,TBL
Shawn Szydlowski,,TBL
Jamie Tardif,Scratched,TBL
Linus Ullmark,Scratched,TBL
Justin Bailey,Scratched,TOR
Nick Baptiste,Scratched,TOR
Zach Bogosian,IR4,TOR
Will Carrier,RW4,TOR
Daniel Catenacci,Scratched,TOR
Carlo Colaiacovo,Scratched,TOR
Nick Crawford,Scratched,TOR
Jerry D'Amigo,Scratched,TOR
Nicolas Deslauriers,IR3,TOR
Matt Donovan,Scratched,TOR
Jack Eichel,C2,TOR
Matt Ellis,Scratched,TOR
Tyler Ennis,IR5,TOR
Justin Falk,RD3,TOR
Hudson Fasching,Scratched,TOR
Taylor Fedun,LD3,TOR
Marcus Foligno,LW3,TOR
Cody Franson,RD2,TOR
Brian Gionta,RW3,TOR
Zemgus Girgensons,RW1,TOR
Josh Gorges,IR6,TOR
Derek Grant,LW2,TOR
Brendan Guhle,LD2,TOR
Alex Guptill,,TOR
Jochen Hecht,Scratched,TOR
Evander Kane,C4,TOR
Jason Kasdorf,,TOR
Rostislav Klesla,Scratched,TOR
Connor Knapp,Scratched,TOR
Dmitry Kulikov,IR2,TOR
Jacob Lagace,,TOR
Johan Larsson,C3,TOR
Robin Lehner,G1,TOR
Ville Leino,Scratched,TOR
Nathan Lieuwen,Scratched,TOR
Matt MacKenzie,,TOR
Andrey Makarov,Scratched,TOR
Jake McCabe,LD1,TOR
Cody McCormick,IR1,TOR
Matt Moulson,LW4,TOR
Casey Nelson,Scratched,TOR
Anders Nilsson,G2,TOR
Alex Nylander,Scratched,TOR
Eric O'Dell,Scratched,TOR
Cal O'Reilly,Scratched,TOR
Ryan O'Reilly,C1,TOR
Kyle Okposo,LW1,TOR
Linus Omark,Scratched,TOR
Dennis Persson,,TOR
Sam Reinhart,RW2,TOR
Rasmus Ristolainen,RD1,TOR
Evan Rodrigues,Scratched,TOR
Drew Schiestel,,TOR
Cole Schneider,Scratched,TOR
Michael Sdao,,TOR
Alexander Sulzer,Scratched,TOR
Kevin Sundher,,TOR
Paul Szczechura,Scratched,TOR
Shawn Szydlowski,,TOR
Jamie Tardif,Scratched,TOR
Linus Ullmark,Scratched,TOR
Justin Bailey,Scratched,VAN
Nick Baptiste,Scratched,VAN
Zach Bogosian,IR4,VAN
Will Carrier,RW4,VAN
Daniel Catenacci,Scratched,VAN
Carlo Colaiacovo,Scratched,VAN
Nick Crawford,Scratched,VAN
Jerry D'Amigo,Scratched,VAN
Nicolas Deslauriers,IR3,VAN
Matt Donovan,Scratched,VAN
Jack Eichel,C2,VAN
Matt Ellis,Scratched,VAN
Tyler Ennis,IR5,VAN
Justin Falk,RD3,VAN
Hudson Fasching,Scratched,VAN
Taylor Fedun,LD3,VAN
Marcus Foligno,LW3,VAN
Cody Franson,RD2,VAN
Brian Gionta,RW3,VAN
Zemgus Girgensons,RW1,VAN
Josh Gorges,IR6,VAN
Derek Grant,LW2,VAN
Brendan Guhle,LD2,VAN
Alex Guptill,,VAN
Jochen Hecht,Scratched,VAN
Evander Kane,C4,VAN
Jason Kasdorf,,VAN
Rostislav Klesla,Scratched,VAN
Connor Knapp,Scratched,VAN
Dmitry Kulikov,IR2,VAN
Jacob Lagace,,VAN
Johan Larsson,C3,VAN
Robin Lehner,G1,VAN
Ville Leino,Scratched,VAN
Nathan Lieuwen,Scratched,VAN
Matt MacKenzie,,VAN
Andrey Makarov,Scratched,VAN
Jake McCabe,LD1,VAN
Cody McCormick,IR1,VAN
Matt Moulson,LW4,VAN
Casey Nelson,Scratched,VAN
Anders Nilsson,G2,VAN
Alex Nylander,Scratched,VAN
Eric O'Dell,Scratched,VAN
Cal O'Reilly,Scratched,VAN
Ryan O'Reilly,C1,VAN
Kyle Okposo,LW1,VAN
Linus Omark,Scratched,VAN
Dennis Persson,,VAN
Sam Reinhart,RW2,VAN
Rasmus Ristolainen,RD1,VAN
Evan Rodrigues,Scratched,VAN
Drew Schiestel,,VAN
Cole Schneider,Scratched,VAN
Michael Sdao,,VAN
Alexander Sulzer,Scratched,VAN
Kevin Sundher,,VAN
Paul Szczechura,Scratched,VAN
Shawn Szydlowski,,VAN
Jamie Tardif,Scratched,VAN
Linus Ullmark,Scratched,VAN
Justin Bailey,Scratched,WPG
Nick Baptiste,Scratched,WPG
Zach Bogosian,IR4,WPG
Will Carrier,RW4,WPG
Daniel Catenacci,Scratched,WPG
Carlo Colaiacovo,Scratched,WPG
Nick Crawford,Scratched,WPG
Jerry D'Amigo,Scratched,WPG
Nicolas Deslauriers,IR3,WPG
Matt Donovan,Scratched,WPG
Jack Eichel,C2,WPG
Matt Ellis,Scratched,WPG
Tyler Ennis,IR5,WPG
Justin Falk,RD3,WPG
Hudson Fasching,Scratched,WPG
Taylor Fedun,LD3,WPG
Marcus Foligno,LW3,WPG
Cody Franson,RD2,WPG
Brian Gionta,RW3,WPG
Zemgus Girgensons,RW1,WPG
Josh Gorges,IR6,WPG
Derek Grant,LW2,WPG
Brendan Guhle,LD2,WPG
Alex Guptill,,WPG
Jochen Hecht,Scratched,WPG
Evander Kane,C4,WPG
Jason Kasdorf,,WPG
Rostislav Klesla,Scratched,WPG
Connor Knapp,Scratched,WPG
Dmitry Kulikov,IR2,WPG
Jacob Lagace,,WPG
Johan Larsson,C3,WPG
Robin Lehner,G1,WPG
Ville Leino,Scratched,WPG
Nathan Lieuwen,Scratched,WPG
Matt MacKenzie,,WPG
Andrey Makarov,Scratched,WPG
Jake McCabe,LD1,WPG
Cody McCormick,IR1,WPG
Matt Moulson,LW4,WPG
Casey Nelson,Scratched,WPG
Anders Nilsson,G2,WPG
Alex Nylander,Scratched,WPG
Eric O'Dell,Scratched,WPG
Cal O'Reilly,Scratched,WPG
Ryan O'Reilly,C1,WPG
Kyle Okposo,LW1,WPG
Linus Omark,Scratched,WPG
Dennis Persson,,WPG
Sam Reinhart,RW2,WPG
Rasmus Ristolainen,RD1,WPG
Evan Rodrigues,Scratched,WPG
Drew Schiestel,,WPG
Cole Schneider,Scratched,WPG
Michael Sdao,,WPG
Alexander Sulzer,Scratched,WPG
Kevin Sundher,,WPG
Paul Szczechura,Scratched,WPG
Shawn Szydlowski,,WPG
Jamie Tardif,Scratched,WPG
Linus Ullmark,Scratched,WPG
Justin Bailey,Scratched,WSH
Nick Baptiste,Scratched,WSH
Zach Bogosian,IR4,WSH
Will Carrier,RW4,WSH
Daniel Catenacci,Scratched,WSH
Carlo Colaiacovo,Scratched,WSH
Nick Crawford,Scratched,WSH
Jerry D'Amigo,Scratched,WSH
Nicolas Deslauriers,IR3,WSH
Matt Donovan,Scratched,WSH
Jack Eichel,C2,WSH
Matt Ellis,Scratched,WSH
Tyler Ennis,IR5,WSH
Justin Falk,RD3,WSH
Hudson Fasching,Scratched,WSH
Taylor Fedun,LD3,WSH
Marcus Foligno,LW3,WSH
Cody Franson,RD2,WSH
Brian Gionta,RW3,WSH
Zemgus Girgensons,RW1,WSH
Josh Gorges,IR6,WSH
Derek Grant,LW2,WSH
Brendan Guhle,LD2,WSH
Alex Guptill,,WSH
Jochen Hecht,Scratched,WSH
Evander Kane,C4,WSH
Jason Kasdorf,,WSH
Rostislav Klesla,Scratched,WSH
Connor Knapp,Scratched,WSH
Dmitry Kulikov,IR2,WSH
Jacob Lagace,,WSH
Johan Larsson,C3,WSH
Robin Lehner,G1,WSH
Ville Leino,Scratched,WSH
Nathan Lieuwen,Scratched,WSH
Matt MacKenzie,,WSH
Andrey Makarov,Scratched,WSH
Jake McCabe,LD1,WSH
Cody McCormick,IR1,WSH
Matt Moulson,LW4,WSH
Casey Nelson,Scratched,WSH
Anders Nilsson,G2,WSH
Alex Nylander,Scratched,WSH
Eric O'Dell,Scratched,WSH
Cal O'Reilly,Scratched,WSH
Ryan O'Reilly,C1,WSH
Kyle Okposo,LW1,WSH
Linus Omark,Scratched,WSH
Dennis Persson,,WSH
Sam Reinhart,RW2,WSH
Rasmus Ristolainen,RD1,WSH
Evan Rodrigues,Scratched,WSH
Drew Schiestel,,WSH
Cole Schneider,Scratched,WSH
Michael Sdao,,WSH
Alexander Sulzer,Scratched,WSH
Kevin Sundher,,WSH
Paul Szczechura,Scratched,WSH
Shawn Szydlowski,,WSH
Jamie Tardif,Scratched,WSH
Linus Ullmark,Scratched,WSH
