no,player,letter,origin,position,age,height,weight,shoots,exp,salary,team
1,Jonathan Bernier,NA,CA,G,28,6-0,184,L,8,"$4,150,000",ANA
2,Kevin Bieksa,NA,CA,D,35,6-1,200,R,11,"$4,000,000",ANA
40,Jared Boll,NA,US,RW,30,6-3,209,R,9,"$900,000",ANA
7,Andrew Cogliano,NA,CA,LW,29,5-10,184,L,9,"$3,100,000",ANA
74,Joseph Cramarossa,NA,CA,LW,24,6-0,192,L,R,"$724,500",ANA
6,Simon Despres,NA,CA,D,25,6-4,218,L,5,"$2,600,000",ANA
26,Emerson Etem,NA,US,RW,24,6-1,212,L,4,"$775,000",ANA
4,Cam Fowler,NA,CA,D,25,6-1,207,L,6,"$4,000,000",ANA
16,Ryan Garbutt,NA,CA,LW,31,6-0,195,L,5,"$1,100,000",ANA
15,Ryan Getzlaf,C,CA,C,31,6-4,221,R,11,"$9,250,000",ANA
36,John Gibson,NA,US,G,23,6-3,226,NA,3,"$1,500,000",ANA
5,Korbinian Holzer,NA,DE,D,28,6-3,215,R,4,"$700,000",ANA
86,Ondrej Kase,NA,CZ,RW,21,6-0,180,R,R,"$645,000",ANA
17,Ryan Kesler,NA,US,C,32,6-2,202,R,12,"$7,875,000",ANA
51,Jacob Larsson,NA,SE,D,19,6-2,191,L,R,"$925,000",ANA
47,Hampus Lindholm,NA,SE,D,23,6-3,205,L,3,"$3,000,000",ANA
42,Josh Manson,NA,US,D,25,6-3,215,R,2,"$825,000",ANA
10,Corey Perry,NA,CA,RW,31,6-3,210,R,11,"$10,000,000",ANA
67,Rickard Rakell,NA,SE,C,23,6-2,201,R,4,"$3,800,000",ANA
39,Mason Raymond,NA,CA,LW,31,6-1,179,L,9,N/A,ANA
37,Nick Ritchie,NA,CA,LW,21,6-2,232,L,1,"$925,000",ANA
48,Michael Sgarbossa,NA,CA,C,24,6-0,186,L,3,N/A,ANA
48,Logan Shaw,NA,CA,RW,25,6-3,202,R,1,"$660,000",ANA
33,Jakob Silfverberg,NA,SE,RW,26,6-2,196,R,4,"$3,000,000",ANA
59,Nick Sorensen,NA,DK,RW,22,6-1,182,R,R,"$925,000",ANA
3,Clayton Stoner,NA,CA,D,31,6-4,216,L,7,"$3,250,000",ANA
53,Shea Theodore,NA,CA,D,21,6-2,195,L,1,"$832,500",ANA
30,Dustin Tokarski,NA,CA,G,27,6-0,205,L,5,"$600,000",ANA
45,Sami Vatanen,NA,FI,D,25,5-10,183,R,4,"$5,000,000",ANA
50,Antoine Vermette,NA,CA,C,34,6-1,198,L,12,"$1,750,000",ANA
21,Chris Wagner,NA,US,C,25,6-0,195,R,2,"$625,000",ANA
6,Jakob Chychrun,NA,US,D,18,6-3,200,L,R,"$925,000",ARI
44,Kevin Connauton,NA,CA,D,26,6-2,205,L,3,"$950,000",ARI
67,Lawson Crouse,NA,CA,LW,19,6-4,220,L,R,"$925,000",ARI
76,Laurent Dauphin,NA,CA,C,21,6-1,180,NA,1,"$767,500",ARI
77,Anthony Deangelo,NA,US,D,21,5-11,183,R,R,"$925,000",ARI
19,Shane Doan,C,CA,RW,40,6-1,223,R,20,"$3,876,134",ARI
16,Max Domi,NA,CA,LW,21,5-10,198,L,1,"$832,500",ARI
35,Louis Domingue,NA,CA,G,24,6-3,210,NA,2,"$1,000,000",ARI
10,Anthony Duclair,NA,CA,LW,21,5-11,185,L,2,"$832,500",ARI
18,Christian Dvorak,NA,US,LW,20,6-0,187,L,R,"$792,500",ARI
23,Oliver Ekman-Larsson,NA,SE,D,25,6-2,200,L,6,"$6,000,000",ARI
32,Tyler Gaudet,NA,CA,C,23,6-3,200,L,2,"$874,125",ARI
33,Alex Goligoski,NA,US,D,31,5-11,185,L,9,"$5,375,000",ARI
11,Martin Hanzal,NA,CS,C,29,6-6,226,L,9,"$3,500,000",ARI
48,Jordan Martinook,NA,CA,LW,24,6-0,202,L,2,"$625,000",ARI
21,Jamie McBain,NA,US,D,28,6-1,180,R,7,"$650,000",ARI
88,Jamie McGinn,NA,CA,LW,28,6-1,205,L,8,"$3,000,000",ARI
5,Connor Murphy,NA,US,D,23,6-4,212,R,3,"$2,400,000",ARI
40,Justin Peters,NA,CA,G,30,6-1,210,L,6,"$600,000",ARI
15,Brad Richardson,NA,CA,RW,31,6-0,197,L,11,"$2,250,000",ARI
8,Tobias Rieder,NA,DE,RW,24,5-11,185,L,2,"$2,000,000",ARI
2,Luke Schenn,NA,CA,D,27,6-2,229,R,8,"$1,000,000",ARI
41,Mike Smith,NA,CA,G,34,6-4,215,L,10,"$6,500,000",ARI
26,Michael Stone,NA,CA,D,26,6-3,210,R,5,"$4,000,000",ARI
20,Dylan Strome,NA,CA,C,19,6-3,185,L,R,"$925,000",ARI
17,Radim Vrbata,NA,CS,RW,35,6-1,194,R,14,"$1,000,000",ARI
25,Ryan White,NA,CA,C,28,6-0,200,R,7,"$1,000,000",ARI
55,Noel Acciari,NA,US,C,25,5-10,208,R,1,"$892,500",BOS
42,David Backes,NA,US,RW,32,6-3,221,R,10,"$8,000,000",BOS
39,Matt Beleskey,NA,CA,LW,28,6-0,203,L,8,"$4,000,000",BOS
37,Patrice Bergeron,NA,CA,C,31,6-1,195,R,12,"$8,250,000",BOS
25,Brandon Carlo,NA,US,D,20,6-5,203,R,R,"$717,500",BOS
33,Zdeno Chara,C,CS,D,39,6-9,250,L,18,"$5,000,000",BOS
27,Austin Czarnik,NA,US,C,24,5-9,160,R,R,"$842,500",BOS
11,Jimmy Hayes,NA,US,RW,27,6-5,215,R,5,"$2,400,000",BOS
43,Danton Heinen,NA,CA,C,21,6-1,185,L,R,"$767,500",BOS
35,Anton Khudobin,NA,SU,G,30,5-11,203,L,7,"$1,200,000",BOS
46,David Krejci,NA,CS,C,30,6-0,186,R,10,"$7,250,000",BOS
47,Torey Krug,NA,US,D,25,5-9,186,L,5,"$5,000,000",BOS
52,Sean Kuraly,NA,US,C,24,6-2,205,L,R,"$692,500",BOS
26,John-Michael Liles,NA,US,D,36,5-10,185,L,12,"$2,000,000",BOS
63,Brad Marchand,NA,CA,LW,28,5-9,181,L,7,"$5,000,000",BOS
31,Zane McIntyre,NA,US,G,24,6-2,206,NA,R,"$925,000",BOS
54,Adam McQuaid,NA,CA,D,30,6-4,212,R,7,"$3,000,000",BOS
6,Colin Miller,NA,CA,D,24,6-1,196,R,1,"$900,000",BOS
86,Kevan Miller,NA,US,D,29,6-2,210,R,3,"$2,500,000",BOS
28,Dominic Moore,NA,CA,C,36,6-0,192,L,11,"$900,000",BOS
45,Joseph Morrow,NA,CA,D,24,6-0,199,L,2,"$800,000",BOS
20,Riley Nash,NA,CA,C,27,6-1,200,R,5,"$900,000",BOS
44,Rob O'Gara,NA,US,D,23,6-4,207,L,R,"$925,000",BOS
88,David Pastrnak,NA,CZ,RW,20,6-0,181,R,2,"$925,000",BOS
40,Tuukka Rask,NA,FI,G,29,6-3,176,L,9,"$7,500,000",BOS
59,Tim Schaller,NA,US,C,26,6-2,219,L,2,"$600,000",BOS
51,Ryan Spooner,NA,CA,C,25,5-10,184,L,4,"$950,000",BOS
70,Malcolm Subban,NA,CA,G,23,6-2,200,NA,1,"$832,500",BOS
56,Justin Bailey,NA,US,RW,21,6-3,214,R,1,"$692,500",BUF
73,Nicholas Baptiste,NA,CA,RW,21,6-1,206,R,R,"$740,000",BUF
47,Zach Bogosian,NA,US,D,26,6-3,228,R,8,"$5,250,000",BUF
48,William Carrier,NA,CA,LW,22,6-2,212,L,R,"$652,500",BUF
44,Nicolas Deslauriers,NA,CA,LW,25,6-1,216,L,3,"$775,000",BUF
63,Tyler Ennis,NA,CA,LW,27,5-9,175,L,7,"$3,650,000",BUF
41,Justin Falk,NA,CA,D,28,6-5,222,L,7,"$650,000",BUF
52,Hudson Fasching,NA,US,RW,21,6-2,209,R,1,"$925,000",BUF
38,Taylor Fedun,NA,CA,D,28,6-1,198,R,3,"$600,000",BUF
82,Marcus Foligno,NA,US,LW,25,6-3,228,L,5,"$2,250,000",BUF
6,Cody Franson,NA,CA,D,29,6-5,224,R,7,"$2,650,000",BUF
12,Brian Gionta,C,US,RW,38,5-7,178,R,14,"$3,250,000",BUF
28,Zemgus Girgensons,NA,LV,C,23,6-2,200,L,3,"$1,150,000",BUF
4,Josh Gorges,NA,CA,D,32,6-1,204,L,11,"$3,900,000",BUF
27,Derek Grant,NA,CA,C,26,6-3,212,L,3,"$650,000",BUF
9,Evander Kane,NA,CA,LW,25,6-2,211,L,7,"$6,000,000",BUF
77,Dmitry Kulikov,NA,SU,D,26,6-1,204,L,7,"$4,500,000",BUF
22,Johan Larsson,NA,SE,C,24,5-11,200,L,4,"$950,000",BUF
40,Robin Lehner,NA,SE,G,25,6-4,239,L,6,"$3,150,000",BUF
29,Jake McCabe,NA,US,D,23,6-1,209,L,3,"$1,250,000",BUF
26,Matt Moulson,NA,CA,LW,33,6-1,200,L,9,"$5,000,000",BUF
34,Casey Nelson,NA,US,D,24,6-1,190,R,1,"$650,000",BUF
31,Anders Nilsson,NA,SE,G,26,6-6,229,L,3,"$1,000,000",BUF
19,Cal O'Reilly,NA,CA,C,30,6-0,193,L,5,"$700,000",BUF
90,Ryan O'Reilly,NA,CA,C,25,6-1,210,L,7,"$11,000,000",BUF
21,Kyle Okposo,NA,US,RW,28,6-0,218,R,9,"$8,000,000",BUF
23,Sam Reinhart,NA,CA,C,21,6-1,193,R,2,"$925,000",BUF
55,Rasmus Ristolainen,NA,FI,D,22,6-4,203,R,3,"$5,400,000",BUF
71,Evan Rodrigues,NA,CA,LW,23,5-10,183,R,1,"$842,500",BUF
10,Cole Schneider,NA,US,LW,26,6-1,200,L,1,"$600,000",BUF
20,Sebastian Aho,NA,FI,RW,19,5-11,172,L,R,"$925,000",CAR
29,Bryan Bickell,NA,CA,LW,30,6-4,223,L,9,"$4,500,000",CAR
6,Klas Dahlbeck,NA,SE,D,25,6-3,207,L,2,"$750,000",CAR
34,Phillip Di Giuseppe,NA,CA,LW,23,6-0,200,L,1,"$867,500",CAR
27,Justin Faulk,NA,US,D,24,6-0,215,R,5,"$5,500,000",CAR
91,Martin Frk,NA,CZ,RW,23,6-1,194,R,R,N/A,CAR
65,Ron Hainsey,NA,US,D,35,6-3,210,L,13,"$2,500,000",CAR
5,Noah Hanifin,NA,US,D,20,6-3,206,L,1,"$925,000",CAR
31,Eddie Lack,NA,SE,G,29,6-4,187,NA,3,"$2,500,000",CAR
32,Michael Leighton,NA,CA,G,35,6-3,186,L,9,"$700,000",CAR
16,Elias Lindholm,NA,SE,C,22,6-1,192,R,3,"$2,500,000",CAR
18,Jay McClement,NA,CA,C,33,6-1,205,L,11,"$1,100,000",CAR
23,Brock McGinn,NA,CA,LW,22,6-0,185,L,1,"$800,000",CAR
7,Ryan Murphy,NA,CA,D,23,5-11,185,R,4,"$750,000",CAR
14,Jakub Nakladal,NA,CS,D,29,6-2,212,R,1,N/A,CAR
15,Andrej Nestrasil,NA,CS,C,25,6-3,200,L,2,"$950,000",CAR
42,Joakim Nordstrom,NA,SE,LW,24,6-1,189,L,3,"$1,250,000",CAR
22,Brett Pesce,NA,US,D,22,6-3,200,R,1,"$792,500",CAR
49,Victor Rask,NA,SE,C,23,6-2,200,L,2,"$4,000,000",CAR
33,Derek Ryan,NA,US,C,30,5-11,170,R,1,"$600,000",CAR
53,Jeff Skinner,NA,CA,LW,24,5-11,200,L,6,"$6,000,000",CAR
74,Jaccob Slavin,NA,US,D,22,6-2,205,L,1,"$925,000",CAR
11,Jordan Staal,NA,CA,C,28,6-4,220,L,10,"$6,000,000",CAR
25,Viktor Stalberg,NA,SE,LW,31,6-3,209,L,7,"$1,500,000",CAR
21,Lee Stempniak,NA,US,RW,33,5-11,195,R,11,"$2,500,000",CAR
26,Matt Tennyson,NA,US,D,26,6-2,205,R,3,"$675,000",CAR
86,Teuvo Teravainen,NA,FI,LW,22,5-11,178,L,3,"$832,500",CAR
30,Cam Ward,NA,CA,G,32,6-1,185,L,11,"$3,500,000",CAR
34,Josh Anderson,NA,CA,RW,22,6-3,221,R,2,"$700,000",CBJ
13,Cam Atkinson,NA,US,RW,27,5-8,182,R,5,"$3,500,000",CBJ
28,Oliver Bjorkstrand,NA,DK,RW,21,6-0,175,R,1,"$600,000",CBJ
72,Sergei Bobrovsky,NA,SU,G,28,6-2,182,L,6,"$8,500,000",CBJ
11,Matt Calvert,NA,CA,LW,27,5-11,188,L,6,"$2,200,000",CBJ
17,Brandon Dubinsky,NA,US,C,30,6-2,218,L,10,"$5,850,000",CBJ
71,Nick Foligno,C,US,LW,29,6-0,205,L,9,"$5,500,000",CBJ
89,Sam Gagner,NA,CA,C,27,5-11,200,R,9,"$650,000",CBJ
33,Markus Hannikainen,NA,FI,LW,23,6-2,195,L,1,"$742,500",CBJ
54,Scott Harrington,NA,CA,D,23,6-2,219,L,2,"$632,500",CBJ
43,Scott Hartnell,NA,CA,LW,34,6-2,215,L,15,"$5,000,000",CBJ
38,Boone Jenner,NA,CA,C,23,6-2,216,L,3,"$2,900,000",CBJ
7,Jack Johnson,NA,US,D,30,6-1,226,L,10,"$5,000,000",CBJ
3,Seth Jones,NA,US,D,22,6-4,220,R,3,"$5,400,000",CBJ
25,William Karlsson,NA,SE,C,24,6-1,189,L,2,"$1,000,000",CBJ
30,Curtis McElhinney,NA,CA,G,33,6-3,200,L,8,"$800,000",CBJ
22,Sonny Milano,NA,US,LW,20,6-1,205,L,1,"$925,000",CBJ
27,Ryan Murray,NA,CA,D,23,6-1,211,L,3,"$2,825,000",CBJ
65,Markus Nutivaara,NA,FI,D,22,6-1,186,L,R,"$792,500",CBJ
47,Dalton Prout,NA,CA,D,26,6-3,229,R,5,"$1,250,000",CBJ
20,Brandon Saad,NA,US,LW,24,6-1,206,L,5,"$5,750,000",CBJ
58,David Savard,NA,CA,D,26,6-2,227,R,5,"$3,500,000",CBJ
45,Lukas Sedlak,NA,CZ,LW,23,6-0,203,L,R,"$600,000",CBJ
10,Alexander Wennberg,NA,SE,C,22,6-2,196,L,2,"$925,000",CBJ
8,Zach Werenski,NA,US,D,19,6-2,218,L,R,"$925,000",CBJ
11,Mikael Backlund,NA,SE,C,27,6-1,199,L,8,"$3,575,000",CGY
93,Sam Bennett,NA,CA,C,20,6-1,186,L,2,"$925,000",CGY
17,Lance Bouma,NA,CA,C,26,6-2,208,L,5,"$2,200,000",CGY
7,T.J. Brodie,NA,CA,D,26,6-1,182,L,6,"$4,838,000",CGY
36,Troy Brouwer,NA,CA,RW,31,6-3,215,R,10,"$4,500,000",CGY
39,Alex Chiasson,NA,CA,RW,26,6-4,208,R,4,"$800,000",CGY
1,Brian Elliott,NA,CA,G,31,6-2,209,L,9,"$2,700,000",CGY
29,Deryk Engelland,NA,CA,D,34,6-2,214,R,7,"$2,750,000",CGY
79,Micheal Ferland,NA,CA,LW,24,6-2,208,L,2,"$900,000",CGY
67,Michael Frolik,NA,CS,RW,28,6-1,194,L,8,"$5,000,000",CGY
13,Johnny Gaudreau,NA,US,LW,23,5-9,157,L,3,"$3,750,000",CGY
5,Mark Giordano,C,CA,D,33,6-0,198,L,10,"$6,750,000",CGY
8,Nicklas Grossmann,NA,SE,D,32,6-4,230,L,10,N/A,CGY
27,Dougie Hamilton,NA,CA,D,23,6-6,210,R,4,"$5,500,000",CGY
25,Freddie Hamilton,NA,CA,C,25,6-1,195,R,3,"$575,000",CGY
64,Garnet Hathaway,NA,US,RW,25,6-2,208,R,1,"$722,500",CGY
77,Mark Jankowski,NA,CA,C,22,6-4,202,L,R,"$925,000",CGY
31,Chad Johnson,NA,CA,G,30,6-3,196,L,6,"$1,700,000",CGY
3,Jyrki Jokipakka,NA,FI,D,25,6-3,215,L,2,"$900,000",CGY
61,Brett Kulak,NA,CA,D,23,6-2,187,L,2,"$680,000",CGY
23,Sean Monahan,NA,CA,C,22,6-3,195,L,3,"$6,500,000",CGY
49,Hunter Shinkaruk,NA,CA,LW,22,5-10,181,L,1,"$832,500",CGY
18,Matt Stajan,NA,CA,C,33,6-1,195,L,13,"$3,000,000",CGY
19,Matthew Tkachuk,NA,US,LW,19,6-2,202,L,R,"$925,000",CGY
10,Kris Versteeg,NA,CA,RW,30,5-11,176,R,9,"$950,000",CGY
16,Linden Vey,NA,CA,RW,25,6-0,189,R,3,"$700,000",CGY
6,Dennis Wideman,NA,CA,D,33,6-0,202,R,11,"$6,000,000",CGY
15,Artem Anisimov,NA,SU,C,28,6-4,198,L,8,"$5,750,000",CHI
51,Brian Campbell,NA,CA,D,37,5-10,192,L,16,"$1,500,000",CHI
50,Corey Crawford,NA,CA,G,32,6-2,216,L,9,"$6,000,000",CHI
33,Scott Darling,NA,US,G,28,6-6,232,NA,2,"$600,000",CHI
11,Andrew Desjardins,NA,CA,LW,30,6-1,195,R,6,"$800,000",CHI
42,Gustav Forsling,NA,SE,D,20,6-0,186,L,R,"$767,500",CHI
38,Ryan Hartman,NA,US,RW,22,6-0,181,R,2,"$832,500",CHI
48,Vincent Hinostroza,NA,US,LW,22,5-9,173,R,1,"$667,500",CHI
4,Niklas Hjalmarsson,NA,SE,D,29,6-3,197,L,9,"$4,100,000",CHI
81,Marian Hossa,NA,CS,RW,38,6-1,207,L,18,"$4,000,000",CHI
88,Patrick Kane,NA,US,RW,28,5-11,177,L,9,"$13,800,000",CHI
2,Duncan Keith,NA,CA,D,33,6-1,192,L,11,"$6,000,000",CHI
6,Michal Kempny,NA,CS,D,26,6-0,194,L,R,"$700,000",CHI
16,Marcus Kruger,NA,SE,C,26,6-0,186,L,6,"$3,475,000",CHI
64,Tyler Motte,NA,US,LW,21,5-9,188,L,R,"$925,000",CHI
72,Artemi Panarin,NA,SU,LW,25,5-11,170,R,1,"$925,000",CHI
14,Richard Panik,NA,CS,LW,25,6-1,208,L,4,"$875,000",CHI
70,Dennis Rasmussen,NA,SE,C,26,6-3,205,R,1,"$575,000",CHI
32,Michal Rozsival,NA,CS,D,38,6-1,210,R,15,"$600,000",CHI
8,Nick Schmaltz,NA,US,LW,20,6-0,177,R,R,"$925,000",CHI
7,Brent Seabrook,NA,CA,D,31,6-3,220,R,11,"$9,000,000",CHI
19,Jonathan Toews,C,CA,C,28,6-2,201,L,9,"$13,800,000",CHI
22,Jordin Tootoo,NA,CA,RW,33,5-9,195,R,12,"$750,000",CHI
57,Trevor van Riemsdyk,NA,US,D,25,6-2,188,R,2,"$750,000",CHI
4,Tyson Barrie,NA,CA,D,25,5-10,190,R,5,"$5,000,000",COL
32,Francois Beauchemin,NA,CA,D,36,6-1,208,L,12,"$4,500,000",COL
57,Gabriel Bourque,NA,CA,LW,26,5-10,206,L,5,"$800,000",COL
17,Rene Bourque,NA,CA,RW,35,6-2,217,L,11,"$650,000",COL
8,Joe Colborne,NA,CA,C,27,6-5,221,L,6,"$2,500,000",COL
14,Blake Comeau,NA,CA,LW,30,6-1,202,R,10,"$2,400,000",COL
9,Matt Duchene,NA,CA,C,26,5-11,195,L,7,"$6,000,000",COL
44,Eric Gelinas,NA,CA,D,25,6-4,215,L,4,"$1,650,000",COL
46,A.J. Greer,NA,CA,LW,20,6-3,204,L,R,"$725,000",COL
25,Mikhail Grigorenko,NA,RU,C,22,6-3,209,L,4,"$1,300,000",COL
12,Jarome Iginla,NA,CA,RW,39,6-1,210,R,19,"$5,000,000",COL
6,Erik Johnson,NA,US,D,28,6-4,225,R,8,"$6,000,000",COL
92,Gabriel Landeskog,C,SE,LW,24,6-1,215,L,5,"$5,500,000",COL
29,Nathan MacKinnon,NA,CA,C,21,6-0,205,R,3,"$5,000,000",COL
27,Andreas Martinsen,NA,NO,LW,26,6-3,220,L,1,"$640,000",COL
55,Cody McLeod,NA,CA,LW,32,6-2,210,L,9,"$1,250,000",COL
7,John Mitchell,NA,CA,C,32,6-1,204,L,8,"$1,900,000",COL
31,Calvin Pickard,NA,CA,G,24,6-1,200,NA,2,"$925,000",COL
96,Mikko Rantanen,NA,FI,RW,20,6-4,211,L,1,"$925,000",COL
20,Ben Smith,NA,US,RW,28,5-11,198,R,6,N/A,COL
34,Carl Soderberg,NA,SE,C,31,6-3,210,L,4,"$4,750,000",COL
51,Fedor Tyutin,NA,SU,D,33,6-2,221,L,12,"$2,000,000",COL
1,Semyon Varlamov,NA,SU,G,28,6-2,209,L,8,"$6,000,000",COL
28,Patrick Wiercioch,NA,CA,D,26,6-5,202,L,5,"$800,000",COL
16,Nikita Zadorov,NA,RU,D,21,6-5,230,L,3,"$832,500",COL
14,Jamie Benn,C,CA,LW,27,6-2,210,L,7,"$5,750,000",DAL
24,Jordie Benn,NA,CA,D,29,6-2,200,L,5,"$1,100,000",DAL
27,Adam Cracknell,NA,CA,RW,31,6-3,220,R,6,"$600,000",DAL
37,Justin Dowling,NA,CA,C,26,5-10,185,L,R,"$625,000",DAL
20,Cody Eakin,NA,CA,C,25,6-0,190,L,5,"$3,850,000",DAL
18,Patrick Eaves,NA,CA,RW,32,6-0,200,R,11,"$1,000,000",DAL
12,Radek Faksa,NA,CZ,C,23,6-3,210,L,1,"$832,500",DAL
2,Dan Hamhuis,NA,CA,D,34,6-1,200,L,12,"$4,500,000",DAL
83,Ales Hemsky,NA,CS,RW,33,6-0,185,R,13,"$4,000,000",DAL
6,Julius Honka,NA,FI,D,21,5-11,195,R,R,"$925,000",DAL
22,Jiri Hudler,NA,CS,RW,33,5-10,190,L,11,"$2,000,000",DAL
28,Stephen Johns,NA,US,D,24,6-4,230,R,1,"$650,000",DAL
3,John Klingberg,NA,SE,D,24,6-2,180,R,2,"$2,750,000",DAL
38,Lauri Korpikoski,NA,FI,LW,30,6-1,193,L,8,"$1,000,000",DAL
32,Kari Lehtonen,NA,FI,G,33,6-4,190,L,12,"$6,000,000",DAL
23,Esa Lindell,NA,FI,D,22,6-3,215,L,1,"$802,500",DAL
11,Curtis McKenzie,NA,CA,LW,25,6-2,205,L,2,"$700,000",DAL
15,Patrik Nemeth,NA,SE,D,24,6-3,215,L,3,"$900,000",DAL
31,Antti Niemi,NA,FI,G,33,6-2,215,L,8,"$4,500,000",DAL
47,Johnny Oduya,NA,SE,D,35,6-0,195,L,10,"$3,750,000",DAL
5,Jamie Oleksiak,NA,CA,D,24,6-7,255,L,4,"$918,750",DAL
25,Brett Ritchie,NA,CA,RW,23,6-3,215,R,2,"$875,000",DAL
21,Antoine Roussel,NA,FR,LW,27,6-0,200,L,4,"$2,200,000",DAL
91,Tyler Seguin,NA,CA,C,25,6-1,200,R,6,"$6,000,000",DAL
10,Patrick Sharp,NA,CA,LW,35,6-1,200,R,13,"$5,000,000",DAL
17,Devin Shore,NA,CA,C,22,6-1,205,L,1,"$867,500",DAL
46,Gemel Smith,NA,CA,C,22,5-10,190,L,R,"$670,000",DAL
90,Jason Spezza,NA,CA,C,33,6-3,210,R,13,"$7,500,000",DAL
8,Justin Abdelkader,NA,US,LW,29,6-2,218,L,9,"$5,500,000",DET
72,Andreas Athanasiou,NA,CA,C,22,6-2,188,L,1,"$575,000",DET
59,Tyler Bertuzzi,NA,CA,LW,21,6-0,178,L,R,"$667,500",DET
65,Danny DeKeyser,NA,US,D,26,6-3,192,L,4,"$4,000,000",DET
52,Jonathan Ericsson,NA,SE,D,32,6-4,220,L,9,"$4,250,000",DET
41,Luke Glendening,NA,US,C,27,5-11,199,R,3,"$675,000",DET
25,Mike Green,NA,CA,D,31,6-1,207,R,11,"$6,000,000",DET
43,Darren Helm,NA,CA,C,30,6-0,196,L,9,"$5,000,000",DET
35,Jimmy Howard,NA,US,G,32,6-1,218,L,10,"$5,500,000",DET
55,Niklas Kronwall,NA,SE,D,36,6-0,194,L,12,"$5,500,000",DET
71,Dylan Larkin,NA,US,C,20,6-1,190,L,1,"$925,000",DET
39,Anthony Mantha,NA,CA,RW,22,6-5,221,L,1,"$832,500",DET
53,Alexey Marchenko,NA,RU,D,25,6-3,210,R,3,"$1,300,000",DET
20,Drew Miller,NA,US,LW,32,6-2,183,L,9,"$1,025,000",DET
34,Petr Mrazek,NA,CS,G,24,6-2,183,L,4,"$3,850,000",DET
51,Frans Nielsen,NA,DK,C,32,6-1,188,L,10,"$6,000,000",DET
14,Gustav Nyquist,NA,SE,RW,27,5-11,184,L,5,"$4,250,000",DET
29,Steve Ott,NA,CA,C,34,6-0,193,L,13,"$800,000",DET
61,Xavier Ouellet,NA,FR,D,23,6-1,208,L,3,"$715,000",DET
15,Riley Sheahan,NA,CA,C,25,6-3,226,L,5,"$2,075,000",DET
2,Brendan Smith,NA,CA,D,27,6-2,211,L,5,"$3,250,000",DET
48,Ryan Sproul,NA,CA,D,24,6-4,211,R,1,"$600,000",DET
21,Tomas Tatar,NA,CS,LW,26,5-10,185,L,5,"$2,750,000",DET
62,Thomas Vanek,NA,AT,LW,33,6-2,214,R,11,"$2,600,000",DET
40,Henrik Zetterberg,C,SE,LW,36,6-0,197,L,13,"$7,500,000",DET
45,Taylor Beck,NA,CA,LW,25,6-2,203,R,4,"$650,000",EDM
83,Matthew Benning,NA,CA,D,22,6-0,202,R,R,"$925,000",EDM
36,Drake Caggiula,NA,CA,LW,22,5-9,185,L,R,"$925,000",EDM
88,Brandon Davidson,NA,CA,D,25,6-2,210,L,2,"$1,300,000",EDM
29,Leon Draisaitl,NA,DE,C,21,6-1,214,L,2,"$925,000",EDM
14,Jordan Eberle,NA,CA,RW,26,5-11,181,R,6,"$6,000,000",EDM
5,Mark Fayne,NA,US,D,29,6-3,212,R,6,"$3,500,000",EDM
62,Eric Gryba,NA,CA,D,28,6-4,228,R,4,"$950,000",EDM
50,Jonas Gustavsson,NA,SE,G,32,6-4,201,L,7,"$800,000",EDM
23,Matt Hendricks,NA,US,LW,35,6-0,207,L,8,"$1,850,000",EDM
44,Zack Kassian,NA,CA,RW,26,6-3,217,R,5,"$1,500,000",EDM
77,Oscar Klefbom,NA,SE,D,23,6-3,215,L,3,"$3,000,000",EDM
51,Anton Lander,NA,SE,C,25,6-0,184,L,5,"$1,050,000",EDM
6,Adam Larsson,NA,SE,D,24,6-3,205,R,5,"$3,000,000",EDM
55,Mark Letestu,NA,CA,C,31,5-10,197,R,7,"$1,800,000",EDM
27,Milan Lucic,NA,CA,LW,28,6-3,233,L,9,"$8,000,000",EDM
19,Patrick Maroon,NA,US,LW,28,6-3,230,L,5,"$1,500,000",EDM
97,Connor McDavid,C,CA,C,20,6-1,190,L,1,"$925,000",EDM
93,Ryan Nugent-Hopkins,NA,CA,C,23,6-0,189,L,5,"$6,000,000",EDM
25,Darnell Nurse,NA,CA,D,21,6-4,213,L,2,"$832,500",EDM
15,Tyler Pitlick,NA,US,RW,25,6-0,202,R,2,"$725,000",EDM
67,Benoit Pouliot,NA,CA,LW,30,6-3,200,L,10,"$4,000,000",EDM
98,Jesse Puljujarvi,NA,SE,RW,18,6-4,203,R,R,"$925,000",EDM
4,Kris Russell,NA,CA,D,29,5-10,170,L,9,"$3,100,000",EDM
2,Andrej Sekera,NA,CS,D,30,6-0,198,L,10,"$6,500,000",EDM
42,Anton Slepyshev,NA,RU,LW,22,6-2,187,R,1,"$925,000",EDM
33,Cam Talbot,NA,CA,G,29,6-3,193,NA,3,"$4,150,000",EDM
16,Aleksander Barkov,NA,FI,C,21,6-3,213,L,3,"$4,500,000",FLA
27,Nick Bjugstad,NA,US,C,24,6-6,218,R,4,"$4,100,000",FLA
55,Jason Demers,NA,CA,D,28,6-1,200,R,7,"$5,500,000",FLA
5,Aaron Ekblad,NA,CA,D,20,6-4,216,R,2,"$925,000",FLA
24,Seth Griffith,NA,CA,C,24,5-9,191,R,2,"$625,000",FLA
38,Shane Harper,NA,US,RW,27,5-11,193,R,R,"$650,000",FLA
68,Jaromir Jagr,NA,CS,RW,44,6-3,230,L,22,"$4,000,000",FLA
36,Jussi Jokinen,NA,FI,LW,33,5-11,198,L,11,"$4,000,000",FLA
77,Steven Kampfer,NA,US,D,28,5-11,192,R,4,N/A,FLA
46,Jakub Kindl,NA,CS,D,29,6-3,199,L,7,"$2,640,000",FLA
1,Roberto Luongo,NA,CA,G,37,6-3,217,L,16,"$5,914,000",FLA
17,Derek MacKenzie,C,CA,C,35,5-11,181,L,13,"$1,300,000",FLA
62,Denis Malgin,NA,CH,C,20,5-9,177,R,R,"$640,000",FLA
81,Jon Marchessault,NA,CA,C,26,5-9,174,R,3,"$750,000",FLA
19,Michael Matheson,NA,CA,D,22,6-2,192,L,1,"$925,000",FLA
90,Jared McCann,NA,CA,C,20,6-1,198,L,1,"$925,000",FLA
8,Dylan McIlrath,NA,CA,D,24,6-5,236,R,3,"$800,000",FLA
41,Greg McKegg,NA,CA,C,24,6-0,191,L,3,"$700,000",FLA
6,Alex Petrovic,NA,CA,D,24,6-4,206,R,4,"$1,200,000",FLA
13,Mark Pysyk,NA,CA,D,25,6-1,200,R,4,"$1,250,000",FLA
92,Kyle Rau,NA,US,C,24,5-8,178,L,1,"$925,000",FLA
34,James Reimer,NA,CA,G,28,6-2,217,L,6,"$4,500,000",FLA
7,Colton Sceviour,NA,CA,C,27,6-0,195,R,5,"$950,000",FLA
18,Reilly Smith,NA,CA,RW,25,6-0,185,L,5,"$3,500,000",FLA
22,Shawn Thornton,NA,CA,LW,39,6-2,217,R,13,"$600,000",FLA
21,Vincent Trocheck,NA,US,C,23,5-10,182,R,3,"$3,750,000",FLA
3,Keith Yandle,NA,US,D,30,6-1,196,L,10,"$7,500,000",FLA
15,Andy Andreoff,NA,CA,LW,25,6-1,210,L,2,"$600,000",LAK
23,Dustin Brown,NA,US,RW,32,6-0,216,R,12,"$7,000,000",LAK
31,Peter Budaj,NA,CS,G,34,6-1,196,L,10,"$600,000",LAK
1,Jack Campbell,NA,US,G,25,6-2,197,NA,1,"$575,000",LAK
77,Jeff Carter,NA,CA,C,32,6-3,217,R,11,"$7,000,000",LAK
13,Kyle Clifford,NA,CA,LW,26,6-2,211,L,6,"$1,250,000",LAK
8,Drew Doughty,NA,CA,D,27,6-1,195,R,8,"$7,450,000",LAK
26,Nic Dowd,NA,US,C,26,6-2,196,R,1,"$630,000",LAK
24,Derek Forbort,NA,US,D,24,6-4,216,L,1,"$650,000",LAK
12,Marian Gaborik,NA,CS,RW,34,6-1,205,L,15,"$6,075,000",LAK
14,Tom Gilbert,NA,US,D,34,6-2,210,R,10,"$1,400,000",LAK
53,Kevin Gravel,NA,US,D,24,6-4,212,L,1,"$667,500",LAK
2,Matt Greene,NA,US,D,33,6-3,236,R,11,"$2,500,000",LAK
74,Dwight King,NA,CA,LW,27,6-4,229,L,6,"$1,950,000",LAK
11,Anze Kopitar,C,SI,C,29,6-3,224,L,10,"$14,000,000",LAK
22,Trevor Lewis,NA,US,C,30,6-1,201,R,8,"$2,000,000",LAK
27,Alec Martinez,NA,US,D,29,6-1,212,L,7,"$3,900,000",LAK
3,Brayden McNabb,NA,CA,D,26,6-4,212,L,4,"$1,600,000",LAK
6,Jake Muzzin,NA,CA,D,27,6-3,216,L,5,"$4,000,000",LAK
71,Jordan Nolan,NA,CA,C,27,6-3,219,L,5,"$950,000",LAK
70,Tanner Pearson,NA,CA,LW,24,6-1,204,L,3,"$1,550,000",LAK
9,Teddy Purcell,NA,CA,LW,31,6-2,195,R,9,"$1,600,000",LAK
32,Jonathan Quick,NA,US,G,31,6-1,218,L,9,"$7,000,000",LAK
10,Devin Setoguchi,NA,CA,RW,30,6-0,205,R,8,"$575,000",LAK
21,Nick Shore,NA,US,C,24,6-1,201,R,2,"$600,000",LAK
73,Tyler Toffoli,NA,CA,C,24,6-0,201,R,4,"$3,900,000",LAK
37,Jeff Zatkoff,NA,US,G,29,6-2,186,NA,3,"$900,000",LAK
47,Christoph Bertschy,NA,CH,C,22,5-10,186,R,1,"$742,500",MIN
25,Jonas Brodin,NA,SE,D,23,6-1,193,L,4,"$4,000,000",MIN
3,Charlie Coyle,NA,US,C,24,6-3,221,R,4,"$2,600,000",MIN
27,Zac Dalpe,NA,CA,C,27,6-2,199,R,6,"$600,000",MIN
40,Devan Dubnyk,NA,CA,G,30,6-6,213,L,7,"$5,000,000",MIN
24,Mathew Dumba,NA,CA,D,22,6-0,183,R,3,"$2,350,000",MIN
14,Joel Eriksson Ek,NA,SE,LW,20,6-2,197,L,R,"$925,000",MIN
5,Christian Folin,NA,SE,D,25,6-3,204,R,3,"$850,000",MIN
64,Mikael Granlund,NA,FI,C,24,5-10,184,L,4,"$3,200,000",MIN
44,Tyler Graovac,NA,CA,C,23,6-5,212,L,2,"$600,000",MIN
56,Erik Haula,NA,FI,C,25,6-0,193,L,3,"$1,050,000",MIN
9,Mikko Koivu,C,FI,C,33,6-3,215,L,11,"$5,400,000",MIN
35,Darcy Kuemper,NA,CA,G,26,6-5,215,L,4,"$1,550,000",MIN
59,Zack Mitchell,NA,CA,RW,24,6-1,184,R,R,"$640,000",MIN
22,Nino Niederreiter,NA,CH,RW,24,6-2,211,L,5,"$2,666,666",MIN
11,Zach Parise,NA,US,LW,32,5-11,196,L,11,"$9,000,000",MIN
29,Jason Pominville,NA,CA,RW,34,6-0,181,R,12,"$6,250,000",MIN
39,Nate Prosser,NA,US,D,30,6-2,201,R,7,"$650,000",MIN
17,Teemu Pulkkinen,NA,FI,LW,25,5-10,185,R,3,"$812,500",MIN
4,Mike Reilly,NA,US,D,23,6-2,193,L,1,"$925,000",MIN
6,Marco Scandella,NA,CA,D,26,6-3,208,L,6,"$3,750,000",MIN
10,Jordan Schroeder,NA,US,C,26,5-9,184,R,4,"$650,000",MIN
46,Jared Spurgeon,NA,CA,D,27,5-9,164,R,6,"$4,250,000",MIN
12,Eric Staal,NA,CA,C,32,6-4,208,L,12,"$3,500,000",MIN
7,Chris Stewart,NA,CA,RW,29,6-2,239,R,8,"$1,200,000",MIN
20,Ryan Suter,NA,US,D,32,6-2,206,L,11,"$9,000,000",MIN
16,Jason Zucker,NA,US,LW,25,5-11,187,L,5,"$2,000,000",MIN
42,Sven Andrighetto,NA,CH,RW,23,5-10,188,L,2,"$650,000",MTL
45,Mark Barberio,NA,CA,D,26,6-1,207,L,4,"$800,000",MTL
28,Nathan Beaulieu,NA,CA,D,24,6-2,205,L,4,"$1,000,000",MTL
41,Paul Byron,NA,CA,LW,27,5-9,160,L,6,"$1,300,000",MTL
43,Daniel Carr,NA,CA,LW,25,6-0,188,L,1,"$725,000",MTL
24,Phillip Danault,NA,CA,LW,23,6-1,193,L,2,"$875,000",MTL
51,David Desharnais,NA,CA,C,30,5-7,171,L,7,"$3,500,000",MTL
74,Alexei Emelin,NA,SU,D,30,6-2,218,L,5,"$4,200,000",MTL
32,Brian Flynn,NA,US,C,28,6-1,183,R,4,"$950,000",MTL
27,Alex Galchenyuk,NA,US,C,22,6-1,210,L,4,"$3,100,000",MTL
11,Brendan Gallagher,NA,CA,RW,24,5-9,182,R,4,"$4,500,000",MTL
71,Joel Hanley,NA,CA,D,25,6-0,193,L,1,"$600,000",MTL
54,Charles Hudon,NA,CA,LW,22,5-10,195,L,1,"$575,000",MTL
62,Artturi Lehkonen,NA,FI,LW,21,6-0,182,L,R,"$667,500",MTL
79,Andrei Markov,NA,SU,D,38,6-0,200,L,15,"$4,250,000",MTL
17,Torrey Mitchell,NA,CA,C,32,5-11,190,R,8,"$1,300,000",MTL
35,Al Montoya,NA,US,G,31,6-2,209,L,7,"$950,000",MTL
67,Max Pacioretty,C,US,LW,28,6-2,215,L,8,"$5,000,000",MTL
8,Greg Pateryn,NA,US,D,26,6-3,221,R,3,"$750,000",MTL
26,Jeff Petry,NA,US,D,29,6-3,204,R,6,"$7,000,000",MTL
14,Tomas Plekanec,NA,CS,C,34,5-11,196,L,12,"$7,000,000",MTL
31,Carey Price,NA,CA,G,29,6-3,226,L,9,"$7,000,000",MTL
47,Alexander Radulov,NA,SU,RW,30,6-2,205,L,3,"$5,750,000",MTL
22,Mikhail Sergachev,NA,RU,D,18,6-3,215,L,R,"$925,000",MTL
65,Andrew Shaw,NA,CA,C,25,5-11,179,R,5,"$5,500,000",MTL
15,Chris Terry,NA,CA,LW,27,5-10,195,L,4,"$600,000",MTL
6,Shea Weber,NA,CA,D,31,6-4,232,R,11,"$12,000,000",MTL
33,Yohann Auvitu,NA,FR,D,27,5-11,191,L,R,"$792,500",NJD
8,Beau Bennett,NA,US,RW,25,6-2,195,R,4,"$725,000",NJD
15,Reid Boucher,NA,US,LW,23,5-10,195,L,3,"$715,000",NJD
13,Mike Cammalleri,NA,CA,LW,34,5-9,185,L,13,"$5,000,000",NJD
38,Vernon Fiddler,NA,CA,LW,36,5-11,205,L,13,"$1,250,000",NJD
6,Andy Greene,C,US,D,34,5-11,190,L,10,"$5,000,000",NJD
9,Taylor Hall,NA,CA,LW,25,6-1,201,L,6,"$6,000,000",NJD
14,Adam Henrique,NA,CA,C,26,6-0,195,L,6,"$4,500,000",NJD
16,Jacob Josefson,NA,SE,C,25,6-0,190,L,6,"$1,100,000",NJD
51,Sergey Kalinin,NA,SU,C,25,6-3,200,L,1,N/A,NJD
1,Keith Kinkaid,NA,US,G,27,6-3,195,L,3,"$750,000",NJD
36,Nick Lappin,NA,US,RW,24,6-1,174,R,R,"$842,500",NJD
12,Ben Lovejoy,NA,US,D,32,6-1,206,R,8,"$2,500,000",NJD
7,Jonathon Merrill,NA,US,D,24,6-3,205,L,3,"$1,000,000",NJD
2,John Moore,NA,US,D,26,6-3,210,L,6,"$1,750,000",NJD
21,Kyle Palmieri,NA,US,RW,25,5-10,185,R,6,"$4,500,000",NJD
11,P.A. Parenteau,NA,CA,RW,33,6-0,200,R,8,"$1,250,000",NJD
56,Blake Pietila,NA,US,LW,23,5-11,200,L,1,"$675,000",NJD
22,Kyle Quincey,NA,CA,D,31,6-2,216,L,11,"$1,250,000",NJD
35,Cory Schneider,NA,US,G,30,6-3,205,L,8,"$6,000,000",NJD
28,Damon Severson,NA,CA,D,22,6-2,205,R,2,"$600,000",NJD
25,Devante Smith-Pelly,NA,CA,RW,24,6-0,214,R,5,"$1,250,000",NJD
74,Blake Speers,NA,CA,C,20,5-11,185,R,R,"$667,500",NJD
44,Miles Wood,NA,US,LW,21,6-1,185,L,1,"$925,000",NJD
37,Pavel Zacha,NA,CZ,C,19,6-3,210,L,1,"$925,000",NJD
19,Travis Zajac,NA,CA,C,31,6-2,185,R,10,"$6,500,000",NJD
46,Pontus Aberg,NA,SE,LW,23,5-11,196,R,R,"$842,500",NSH
38,Viktor Arvidsson,NA,SE,LW,23,5-9,180,R,2,"$640,000",NSH
16,Cody Bass,NA,CA,C,30,6-0,205,R,6,"$575,000",NSH
2,Anthony Bitetto,NA,US,D,26,6-1,210,L,2,"$575,000",NSH
25,Matt Carle,NA,US,D,32,6-0,197,L,11,N/A,NSH
14,Mattias Ekholm,NA,SE,D,26,6-4,215,L,5,"$3,000,000",NSH
4,Ryan Ellis,NA,CA,D,26,5-10,180,R,5,"$2,500,000",NSH
56,Kevin Fiala,NA,CH,LW,20,5-10,193,L,2,"$925,000",NSH
12,Mike Fisher,C,CA,C,36,6-1,216,R,16,"$4,000,000",NSH
9,Filip Forsberg,NA,SE,LW,22,6-1,205,R,4,"$6,000,000",NSH
32,Frederick Gaudreau,NA,CA,C,23,6-0,179,R,R,"$595,000",NSH
52,Matt Irwin,NA,CA,D,29,6-1,207,L,4,"$575,000",NSH
19,Calle Jarnkrok,NA,SE,C,25,5-11,186,R,3,"$1,700,000",NSH
92,Ryan Johansen,NA,CA,C,24,6-3,218,R,5,"$6,000,000",NSH
59,Roman Josi,NA,CH,D,26,6-1,201,L,5,"$4,250,000",NSH
39,Marek Mazanec,NA,CS,G,25,6-4,187,NA,2,"$575,000",NSH
18,James Neal,NA,CA,RW,29,6-2,221,L,8,"$5,000,000",NSH
63,Mike Ribeiro,NA,CA,C,36,6-0,179,L,16,"$3,500,000",NSH
35,Pekka Rinne,NA,FI,G,34,6-5,217,L,10,"$7,000,000",NSH
20,Miikka Salomaki,NA,FI,RW,23,5-11,203,L,2,"$575,000",NSH
74,Juuse Saros,NA,FI,G,21,5-11,180,NA,1,"$667,500",NSH
10,Colton Sissons,NA,CA,C,23,6-1,200,R,2,"$575,000",NSH
15,Craig Smith,NA,US,RW,27,6-1,208,R,5,"$4,000,000",NSH
23,Trevor Smith,NA,CA,C,31,6-1,195,L,5,"$575,000",NSH
76,P.K. Subban,NA,CA,D,27,6-0,210,R,7,"$11,000,000",NSH
51,Austin Watson,NA,US,LW,25,6-4,204,R,2,"$575,000",NSH
7,Yannick Weber,NA,CH,D,28,5-11,200,R,8,"$575,000",NSH
33,Colin Wilson,NA,US,LW,27,6-1,221,L,7,"$4,000,000",NSH
26,Harry Zolnierczyk,NA,CA,LW,29,5-11,180,L,5,"$575,000",NSH
12,Josh Bailey,NA,CA,LW,27,6-1,210,L,8,"$3,700,000",NYI
13,Mathew Barzal,NA,CA,C,19,6-0,182,R,R,"$925,000",NYI
72,Anthony Beauvillier,NA,CA,LW,19,5-11,170,L,R,"$925,000",NYI
55,Johnny Boychuk,NA,CA,D,33,6-2,227,R,9,"$7,000,000",NYI
25,Jason Chimera,NA,CA,LW,37,6-3,216,L,15,"$2,000,000",NYI
53,Casey Cizikas,NA,CA,C,25,5-11,201,L,5,"$2,500,000",NYI
15,Cal Clutterbuck,NA,CA,RW,29,5-11,218,R,9,"$3,500,000",NYI
44,Calvin de Haan,NA,CA,D,25,6-1,197,L,4,"$2,500,000",NYI
1,Thomas Greiss,NA,DE,G,31,6-1,228,L,7,"$2,000,000",NYI
41,Jaroslav Halak,NA,CS,G,31,5-11,181,L,10,"$4,750,000",NYI
3,Travis Hamonic,NA,CA,D,26,6-2,205,R,6,"$4,875,000",NYI
14,Thomas Hickey,NA,CA,D,27,6-0,189,L,4,"$2,250,000",NYI
86,Nikolai Kulemin,NA,SU,LW,30,6-1,225,L,8,"$4,250,000",NYI
16,Andrew Ladd,NA,CA,LW,31,6-3,200,L,11,"$8,000,000",NYI
2,Nick Leddy,NA,US,D,25,6-0,199,L,6,"$4,500,000",NYI
27,Anders Lee,NA,US,LW,26,6-3,228,L,4,"$3,500,000",NYI
42,Scott Mayfield,NA,US,D,24,6-4,224,R,2,"$575,000",NYI
29,Brock Nelson,NA,US,LW,25,6-3,206,L,3,"$2,500,000",NYI
50,Adam Pelech,NA,CA,D,22,6-3,210,L,1,"$925,000",NYI
11,Shane Prince,NA,US,C,24,5-11,185,L,2,"$800,000",NYI
6,Ryan Pulock,NA,CA,D,22,6-2,215,R,1,"$832,500",NYI
10,Alan Quine,NA,CA,C,23,6-0,200,L,1,"$575,000",NYI
4,Dennis Seidenberg,NA,DE,D,35,6-0,198,L,13,"$1,000,000",NYI
18,Ryan Strome,NA,CA,RW,23,6-1,199,R,3,"$2,000,000",NYI
91,John Tavares,C,CA,C,26,6-1,211,L,7,"$6,000,000",NYI
89,Pavel Buchnevich,NA,RU,RW,21,6-2,193,L,R,"$925,000",NYR
4,Adam Clendening,NA,US,D,24,6-0,196,R,2,"$600,000",NYR
19,Jesper Fast,NA,SE,RW,25,6-0,190,R,3,"$1,000,000",NYR
5,Dan Girardi,NA,CA,D,32,6-1,212,R,10,"$6,000,000",NYR
40,Michael Grabner,NA,AT,RW,29,6-1,185,L,7,"$1,650,000",NYR
13,Kevin Hayes,NA,US,RW,24,6-5,215,L,2,"$2,600,000",NYR
22,Nick Holden,NA,CA,D,29,6-4,214,L,5,"$1,650,000",NYR
86,Josh Jooris,NA,CA,RW,26,6-1,197,R,2,"$600,000",NYR
8,Kevin Klein,NA,CA,D,32,6-1,206,R,11,"$2,750,000",NYR
20,Chris Kreider,NA,US,LW,25,6-3,228,L,4,"$5,000,000",NYR
24,Oscar Lindberg,NA,SE,C,25,6-1,202,L,2,"$700,000",NYR
30,Henrik Lundqvist,NA,SE,G,34,6-1,188,L,11,"$9,500,000",NYR
27,Ryan McDonagh,C,US,D,27,6-1,216,L,6,"$5,000,000",NYR
6,Dylan McIlrath,NA,CA,D,24,6-5,236,R,3,N/A,NYR
10,J.T. Miller,NA,US,LW,23,6-1,206,L,4,"$2,750,000",NYR
61,Rick Nash,NA,CA,RW,32,6-4,212,L,13,"$8,000,000",NYR
67,Cristoval Nieves,NA,US,C,23,6-3,219,L,R,N/A,NYR
73,Brandon Pirri,NA,CA,RW,25,6-0,186,L,6,"$1,100,000",NYR
12,Matt Puempel,NA,CA,LW,24,6-1,205,L,2,"$900,000",NYR
32,Antti Raanta,NA,FI,G,27,6-0,195,NA,3,"$1,000,000",NYR
76,Brady Skjei,NA,US,D,22,6-3,211,L,1,"$925,000",NYR
18,Marc Staal,NA,CA,D,30,6-4,209,L,9,"$5,700,000",NYR
21,Derek Stepan,NA,US,C,26,6-0,196,R,6,"$8,000,000",NYR
26,Jimmy Vesey,NA,US,LW,23,6-3,207,L,R,"$925,000",NYR
93,Mika Zibanejad,NA,SE,C,23,6-2,215,R,5,"$3,250,000",NYR
36,Mats Zuccarello,NA,NO,RW,29,5-7,179,L,6,N/A,NYR
41,Craig Anderson,NA,US,G,35,6-2,187,L,13,"$4,750,000",OTT
14,Mike Blunden,NA,CA,RW,30,6-4,217,R,9,"$725,000",OTT
74,Mark Borowiecki,NA,CA,D,27,6-1,216,L,5,"$1,100,000",OTT
19,Derick Brassard,NA,CA,C,29,6-1,204,L,9,"$5,000,000",OTT
5,Cody Ceci,NA,CA,D,23,6-2,207,R,3,"$2,250,000",OTT
72,Thomas Chabot,NA,CA,D,20,6-2,190,L,R,"$925,000",OTT
33,Fredrik Claesson,NA,SE,D,24,6-1,200,L,1,"$700,000",OTT
1,Mike Condon,NA,US,G,26,6-2,197,NA,1,"$575,000",OTT
32,Chris Driedger,NA,CA,G,22,6-3,200,NA,2,"$780,000",OTT
18,Ryan Dzingel,NA,US,LW,24,6-0,187,L,1,"$750,000",OTT
30,Andrew Hammond,NA,CA,G,28,6-2,215,NA,3,"$1,350,000",OTT
68,Mike Hoffman,NA,CA,LW,27,6-0,180,L,5,"$3,800,000",OTT
65,Erik Karlsson,C,SE,D,26,6-0,191,R,7,"$7,000,000",OTT
22,Chris Kelly,NA,CA,C,36,6-0,190,L,12,"$900,000",OTT
27,Curtis Lazar,NA,CA,RW,21,6-0,209,R,2,"$832,500",OTT
89,Max McCormick,NA,US,RW,24,5-11,188,L,1,"$650,000",OTT
3,Marc Methot,NA,CA,D,31,6-3,220,L,10,"$4,900,000",OTT
25,Chris Neil,NA,CA,RW,37,6-1,209,R,14,"$1,500,000",OTT
44,Jean-Gabriel Pageau,NA,CA,C,24,5-10,180,R,4,"$1,100,000",OTT
2,Dion Phaneuf,NA,CA,D,31,6-3,219,L,11,"$7,500,000",OTT
26,Matt Puempel,NA,CA,LW,24,6-1,205,L,2,N/A,OTT
10,Tom Pyatt,NA,CA,LW,29,5-11,185,L,5,"$800,000",OTT
9,Bobby Ryan,NA,US,RW,29,6-2,204,R,9,"$7,250,000",OTT
15,Zack Smith,NA,CA,C,28,6-2,208,L,8,"$2,350,000",OTT
61,Mark Stone,NA,CA,RW,24,6-3,206,R,4,"$3,750,000",OTT
7,Kyle Turris,NA,CA,C,27,6-1,190,R,8,"$4,000,000",OTT
81,Philip Varone,NA,CA,C,26,5-10,193,L,3,"$700,000",OTT
6,Chris Wideman,NA,US,D,27,5-10,170,R,1,"$800,000",OTT
78,Pierre-Edouard Bellemare,NA,FR,LW,31,6-0,198,L,2,"$725,000",PHI
25,Nick Cousins,NA,CA,C,23,5-10,188,L,2,"$840,000",PHI
14,Sean Couturier,NA,US,C,24,6-3,211,L,5,"$3,750,000",PHI
15,Michael Del Zotto,NA,CA,D,26,6-0,195,L,7,"$4,000,000",PHI
28,Claude Giroux,C,CA,C,29,5-11,185,R,9,"$9,000,000",PHI
27,Boyd Gordon,NA,CA,C,33,6-0,200,R,12,"$950,000",PHI
53,Shayne Gostisbehere,NA,US,D,23,5-11,180,L,2,"$925,000",PHI
3,Radko Gudas,NA,CS,D,26,6-0,204,R,4,"$4,000,000",PHI
11,Travis Konecny,NA,CA,C,19,5-10,175,R,R,"$925,000",PHI
21,Scott Laughton,NA,CA,C,22,6-1,190,L,3,"$832,500",PHI
13,Roman Lyubimov,NA,RU,LW,25,6-2,207,R,R,"$925,000",PHI
47,Andrew MacDonald,NA,CA,D,30,6-1,204,L,8,"$4,750,000",PHI
23,Brandon Manning,NA,CA,D,26,6-1,205,L,4,"$950,000",PHI
35,Steve Mason,NA,CA,G,28,6-4,210,R,8,"$4,100,000",PHI
30,Michal Neuvirth,NA,CS,G,28,6-1,209,L,8,"$1,750,000",PHI
9,Ivan Provorov,NA,RU,D,20,6-1,201,L,R,"$925,000",PHI
12,Michael Raffl,NA,AT,LW,28,6-0,200,L,3,"$2,350,000",PHI
24,Matt Read,NA,CA,RW,30,5-10,185,R,5,"$4,000,000",PHI
10,Brayden Schenn,NA,CA,C,25,6-1,195,L,7,"$6,000,000",PHI
55,Nick Schultz,NA,CA,D,34,6-1,203,L,14,"$2,250,000",PHI
17,Wayne Simmonds,NA,CA,RW,28,6-2,185,R,8,"$4,300,000",PHI
41,Anthony Stolarz,NA,US,G,23,6-6,210,NA,R,"$725,000",PHI
32,Mark Streit,NA,CH,D,39,5-11,191,L,10,"$4,000,000",PHI
76,Chris VandeVelde,NA,US,C,29,6-2,190,L,6,N/A,PHI
93,Jakub Voracek,NA,CS,RW,27,6-2,214,L,8,"$10,000,000",PHI
22,Dale Weise,NA,CA,RW,28,6-2,206,R,6,"$2,750,000",PHI
13,Nick Bonino,NA,US,C,28,6-1,196,L,7,"$2,100,000",PIT
28,Ian Cole,NA,US,D,27,6-1,219,L,6,"$2,300,000",PIT
1,Mike Condon,NA,US,G,26,6-2,197,NA,1,N/A,PIT
87,Sidney Crosby,C,CA,C,29,5-11,200,L,11,"$10,900,000",PIT
7,Matt Cullen,NA,US,C,40,6-1,200,L,18,"$1,000,000",PIT
6,Trevor Daley,NA,CA,D,33,5-11,195,L,12,"$2,700,000",PIT
8,Brian Dumoulin,NA,US,D,25,6-4,207,L,3,"$800,000",PIT
16,Eric Fehr,NA,CA,C,31,6-4,212,R,11,"$2,000,000",PIT
29,Marc-Andre Fleury,NA,CA,G,32,6-2,180,L,12,"$5,750,000",PIT
59,Jake Guentzel,NA,US,C,22,5-11,180,L,R,"$667,500",PIT
62,Carl Hagelin,NA,SE,LW,28,5-11,186,L,5,"$3,667,000",PIT
72,Patric Hornqvist,NA,SE,RW,30,5-11,189,R,8,"$4,750,000",PIT
81,Phil Kessel,NA,US,RW,29,6-0,202,R,10,"$7,800,000",PIT
34,Tom Kuhnhackl,NA,DE,RW,25,6-2,196,L,1,"$590,000",PIT
14,Chris Kunitz,NA,CA,LW,37,6-0,195,L,12,"$3,550,000",PIT
58,Kris Letang,NA,CA,D,29,6-0,201,R,10,"$7,250,000",PIT
3,Olli Maatta,NA,FI,D,22,6-2,206,L,3,"$4,083,000",PIT
71,Evgeni Malkin,NA,SU,C,30,6-3,195,L,10,"$9,500,000",PIT
30,Matthew Murray,NA,CA,G,22,6-4,178,NA,1,"$575,000",PIT
61,Steven Oleksy,NA,US,D,30,6-0,190,R,3,"$575,000",PIT
51,Derrick Pouliot,NA,CA,D,23,6-0,208,L,2,"$832,500",PIT
17,Bryan Rust,NA,US,RW,24,5-11,192,R,2,"$620,000",PIT
4,Justin Schultz,NA,CA,D,26,6-2,193,R,4,"$1,400,000",PIT
25,Tom Sestito,NA,US,LW,29,6-5,228,L,8,"$575,000",PIT
43,Conor Sheary,NA,US,LW,24,5-8,175,L,1,"$667,500",PIT
5,David Warsofsky,NA,US,D,26,5-9,170,L,3,"$575,000",PIT
23,Scott Wilson,NA,CA,LW,24,5-11,183,L,2,"$590,000",PIT
89,Mikkel Boedker,NA,DK,LW,27,6-0,210,L,8,"$5,000,000",SJS
61,Justin Braun,NA,US,D,29,6-2,205,R,6,"$3,800,000",SJS
88,Brent Burns,NA,CA,D,31,6-5,230,R,12,"$5,760,000",SJS
40,Ryan Carpenter,NA,US,C,26,6-0,195,R,1,"$600,000",SJS
39,Logan Couture,NA,CA,C,27,6-1,200,L,7,"$6,000,000",SJS
30,Aaron Dell,NA,CA,G,27,6-0,205,NA,R,"$575,000",SJS
74,Dylan DeMelo,NA,CA,D,23,6-1,195,R,1,"$600,000",SJS
4,Brenden Dillon,NA,CA,D,26,6-4,230,L,5,"$2,750,000",SJS
27,Joonas Donskoi,NA,FI,RW,24,6-0,190,R,1,"$925,000",SJS
38,Micheal Haley,NA,CA,C,30,5-11,205,L,6,"$625,000",SJS
48,Tomas Hertl,NA,CZ,C,23,6-2,215,L,3,"$2,800,000",SJS
31,Martin Jones,NA,CA,G,27,6-4,190,NA,3,"$3,000,000",SJS
68,Melker Karlsson,NA,SE,C,26,6-0,180,R,2,"$1,850,000",SJS
62,Kevin Labanc,NA,US,RW,21,5-11,185,R,R,"$667,500",SJS
12,Patrick Marleau,NA,CA,LW,37,6-2,215,L,18,"$6,500,000",SJS
7,Paul Martin,NA,US,D,35,6-1,200,L,12,"$5,000,000",SJS
83,Matthew Nieto,NA,US,LW,24,5-11,190,L,3,"$735,000",SJS
65,Daniel O'Regan,NA,US,C,23,5-9,180,R,R,"$792,500",SJS
8,Joe Pavelski,C,US,C,32,5-11,190,R,10,"$6,000,000",SJS
5,David Schlemko,NA,CA,D,29,6-0,190,L,8,"$2,500,000",SJS
19,Joe Thornton,NA,CA,C,37,6-4,220,L,18,"$6,750,000",SJS
50,Chris Tierney,NA,CA,C,22,6-1,195,L,2,"$700,000",SJS
44,Marc-Edouard Vlasic,NA,CA,D,29,6-1,205,L,10,"$4,250,000",SJS
42,Joel Ward,NA,CA,RW,36,6-1,225,R,9,"$3,275,000",SJS
57,Tommy Wingels,NA,US,C,28,6-0,200,R,6,"$2,600,000",SJS
34,Jake Allen,NA,CA,G,26,6-2,203,L,3,"$2,500,000",STL
21,Patrik Berglund,NA,SE,C,28,6-4,223,L,8,"$3,700,000",STL
41,Robert Bortuzzo,NA,CA,D,27,6-4,221,R,5,"$1,050,000",STL
19,Jay Bouwmeester,NA,CA,D,33,6-4,221,L,13,"$5,600,000",STL
28,Kyle Brodziak,NA,CA,C,32,6-2,212,R,11,"$1,000,000",STL
6,Joel Edmundson,NA,CA,D,23,6-4,220,L,1,"$900,000",STL
15,Robby Fabbri,NA,CA,C,21,5-10,195,L,1,"$925,000",STL
4,Carl Gunnarsson,NA,SE,D,30,6-2,197,L,7,"$2,900,000",STL
40,Carter Hutton,NA,CA,G,31,6-1,195,L,4,"$1,250,000",STL
23,Dmitrij Jaskin,NA,RU,RW,23,6-2,196,L,4,"$1,000,000",STL
12,Jori Lehtera,NA,FI,C,29,6-2,212,L,2,"$4,400,000",STL
48,Petteri Lindbohm,NA,FI,D,23,6-3,198,L,2,"$645,000",STL
56,Magnus Paajarvi,NA,SE,LW,25,6-3,208,L,6,"$700,000",STL
55,Colton Parayko,NA,CA,D,23,6-6,226,R,1,"$925,000",STL
57,David Perron,NA,CA,LW,28,6-0,200,R,9,"$3,750,000",STL
27,Alex Pietrangelo,C,CA,D,27,6-3,205,R,8,"$7,000,000",STL
18,Ty Rattie,NA,CA,RW,23,6-0,195,R,3,"$650,000",STL
75,Ryan Reaves,NA,CA,RW,30,6-1,225,R,6,"$1,125,000",STL
17,Jaden Schwartz,NA,CA,LW,24,5-10,188,L,5,"$5,250,000",STL
22,Kevin Shattenkirk,NA,US,D,28,6-0,209,R,6,"$5,200,000",STL
26,Paul Stastny,NA,CA,C,31,6-0,202,L,10,"$7,000,000",STL
20,Alex Steen,NA,CA,LW,32,6-0,211,L,11,N/A,STL
91,Vladimir Tarasenko,NA,SU,RW,25,6-0,219,L,4,"$8,000,000",STL
10,Scottie Upshall,NA,CA,RW,33,6-0,200,L,13,"$900,000",STL
64,Nail Yakupov,NA,RU,RW,23,5-11,195,L,4,"$2,500,000",STL
30,Ben Bishop,NA,US,G,30,6-7,216,L,7,"$5,950,000",TBL
11,Brian Boyle,NA,US,C,32,6-6,244,L,9,"$2,000,000",TBL
23,J.T. Brown,NA,US,RW,26,5-10,169,R,4,"$1,250,000",TBL
24,Ryan Callahan,NA,US,RW,31,5-10,187,R,10,"$6,500,000",TBL
55,Braydon Coburn,NA,CA,D,31,6-5,223,L,11,"$3,700,000",TBL
19,Cory Conacher,NA,CA,LW,27,5-8,180,L,3,"$575,000",TBL
22,Erik Condra,NA,US,RW,30,5-11,188,R,6,"$1,250,000",TBL
27,Jonathan Drouin,NA,CA,LW,21,5-11,188,L,2,"$832,500",TBL
51,Valtteri Filppula,NA,FI,C,32,6-0,196,L,11,"$5,000,000",TBL
5,Jason Garrison,NA,CA,D,32,6-1,218,L,8,"$3,600,000",TBL
77,Victor Hedman,NA,SE,D,26,6-6,223,L,7,"$4,250,000",TBL
9,Tyler Johnson,NA,US,C,26,5-8,183,R,4,"$4,000,000",TBL
17,Alex Killorn,NA,CA,LW,27,6-1,196,L,4,"$4,450,000",TBL
29,Slater Koekkoek,NA,CA,D,22,6-2,193,L,2,"$832,500",TBL
86,Nikita Kucherov,NA,RU,RW,23,5-11,178,L,3,"$4,250,000",TBL
90,Vladislav Namestnikov,NA,RU,C,24,5-11,180,L,3,"$1,900,000",TBL
89,Nikita Nesterov,NA,RU,D,23,5-11,191,L,2,"$725,000",TBL
18,Ondrej Palat,NA,CS,LW,25,6-0,188,L,4,"$4,000,000",TBL
13,Cedric Paquette,NA,CA,C,23,6-1,198,L,3,"$800,000",TBL
21,Brayden Point,NA,CA,C,20,5-10,166,R,R,"$667,500",TBL
91,Steven Stamkos,C,CA,C,26,6-1,194,R,8,"$9,500,000",TBL
6,Anton Stralman,NA,SE,D,30,5-11,190,R,9,"$4,500,000",TBL
62,Andrej Sustr,NA,CS,D,26,6-7,220,R,4,"$1,600,000",TBL
88,Andrei Vasilevskiy,NA,RU,G,22,6-3,207,NA,2,"$925,000",TBL
28,Luke Witkowski,NA,US,D,26,6-2,217,R,2,"$575,000",TBL
31,Frederik Andersen,NA,DK,G,27,6-4,230,NA,3,"$5,000,000",TOR
42,Tyler Bozak,NA,CA,C,30,6-1,195,R,7,"$4,500,000",TOR
12,Connor Brown,NA,CA,RW,23,6-0,185,R,1,"$650,000",TOR
8,Connor Carrick,NA,US,D,22,5-11,195,R,2,"$650,000",TOR
20,Frank Corrado,NA,CA,D,23,6-0,205,R,4,"$600,000",TOR
35,Jhonas Enroth,NA,SE,G,28,5-10,175,L,7,"$750,000",TOR
51,Jake Gardiner,NA,US,D,26,6-2,200,L,5,"$4,050,000",TOR
33,Seth Griffith,NA,CA,C,24,5-9,191,R,2,N/A,TOR
24,Peter Holland,NA,CA,C,26,6-2,200,L,5,"$1,300,000",TOR
2,Matt Hunwick,NA,US,D,31,5-11,200,L,9,"$1,200,000",TOR
11,Zach Hyman,NA,CA,C,24,6-1,210,R,1,"$900,000",TOR
43,Nazem Kadri,NA,CA,C,26,6-0,195,L,7,"$5,000,000",TOR
47,Leo Komarov,NA,SU,C,30,5-11,210,L,3,"$2,950,000",TOR
52,Martin Marincin,NA,CS,D,24,6-4,210,L,3,"$1,200,000",TOR
16,Mitch Marner,NA,CA,C,19,6-0,170,R,R,"$925,000",TOR
15,Matt Martin,NA,CA,LW,27,6-3,220,L,7,"$3,500,000",TOR
34,Auston Matthews,NA,US,C,19,6-3,216,L,R,"$925,000",TOR
18,Milan Michalek,NA,CS,LW,32,6-2,225,L,12,"$4,000,000",TOR
29,William Nylander,NA,CA,C,20,6-0,190,R,1,"$925,000",TOR
46,Roman Polak,NA,CS,D,30,6-2,235,R,10,"$2,250,000",TOR
44,Morgan Rielly,NA,CA,D,22,6-1,215,L,3,"$5,000,000",TOR
18,Ben Smith,NA,US,RW,28,5-11,198,R,6,"$675,000",TOR
26,Nikita Soshnikov,NA,RU,RW,23,5-11,190,L,1,"$742,500",TOR
25,James van Riemsdyk,NA,US,LW,27,6-3,210,L,7,"$5,000,000",TOR
22,Nikita Zaitsev,NA,SU,D,25,6-2,195,R,R,"$925,000",TOR
47,Sven Baertschi,NA,CH,LW,24,5-11,192,L,5,"$1,700,000",VAN
55,Alex Biega,NA,CA,D,28,5-10,193,R,2,"$700,000",VAN
14,Alexandre Burrows,NA,CA,RW,35,6-1,197,L,11,"$3,000,000",VAN
45,Michael Chaput,NA,CA,C,24,6-2,204,L,3,"$600,000",VAN
15,Derek Dorsett,NA,CA,RW,30,6-0,192,R,8,"$2,500,000",VAN
23,Alexander Edler,NA,SE,D,30,6-3,214,L,10,"$6,000,000",VAN
21,Loui Eriksson,NA,SE,LW,31,6-2,196,L,10,"$8,000,000",VAN
50,Brendan Gaunce,NA,CA,LW,22,6-2,217,L,1,"$832,500",VAN
60,Markus Granlund,NA,FI,C,23,6-0,183,L,3,"$850,000",VAN
44,Erik Gudbranson,NA,CA,D,25,6-5,220,R,5,"$3,500,000",VAN
36,Jannik Hansen,NA,DK,RW,30,6-1,194,R,9,"$3,000,000",VAN
53,Bo Horvat,NA,CA,C,21,6-0,223,L,2,"$832,500",VAN
27,Ben Hutton,NA,CA,D,23,6-2,207,L,1,"$925,000",VAN
62,Joseph Labate,NA,US,C,23,6-4,190,L,R,"$680,000",VAN
63,Philip Larsen,NA,DK,D,27,6-1,185,R,5,"$1,025,000",VAN
25,Jacob Markstrom,NA,SE,G,27,6-6,196,L,6,"$1,600,000",VAN
46,Jayson Megna,NA,US,C,26,6-1,195,R,3,"$600,000",VAN
30,Ryan Miller,NA,US,G,36,6-2,168,L,13,"$6,000,000",VAN
5,Luca Sbisa,NA,IT,D,27,6-2,209,L,8,"$3,600,000",VAN
22,Daniel Sedin,NA,SE,LW,36,6-1,190,L,15,"$7,000,000",VAN
33,Henrik Sedin,C,SE,C,36,6-2,183,L,15,"$7,000,000",VAN
9,Jack Skille,NA,US,RW,29,6-1,216,R,9,"$700,000",VAN
51,Troy Stecher,NA,CA,D,22,5-10,190,R,R,"$925,000",VAN
20,Brandon Sutter,NA,US,C,27,6-3,191,R,8,"$4,250,000",VAN
8,Chris Tanev,NA,CA,D,27,6-2,195,R,6,"$3,500,000",VAN
88,Nikita Tryamkin,NA,RU,D,22,6-7,265,L,1,"$925,000",VAN
18,Jake Virtanen,NA,CA,RW,20,6-1,229,R,1,"$925,000",VAN
40,Michael Zalewski,NA,US,LW,24,6-2,205,L,2,"$632,500",VAN
40,Joel Armia,NA,FI,RW,23,6-3,205,R,2,"$875,000",WPG
91,Alexander Burmistrov,NA,SU,C,25,6-1,180,L,4,"$1,600,000",WPG
33,Dustin Byfuglien,NA,US,D,31,6-5,260,R,11,"$8,000,000",WPG
7,Ben Chiarot,NA,CA,D,25,6-3,219,L,3,"$850,000",WPG
81,Kyle Connor,NA,US,LW,20,6-1,182,L,R,"$925,000",WPG
9,Andrew Copp,NA,US,C,22,6-1,206,L,2,"$925,000",WPG
56,Marko Dano,NA,AT,C,22,5-11,183,L,2,"$925,000",WPG
27,Nikolaj Ehlers,NA,DK,RW,20,6-0,172,L,1,"$925,000",WPG
39,Toby Enstrom,NA,SE,D,32,5-10,180,L,9,"$5,750,000",WPG
37,Connor Hellebuyck,NA,US,G,23,6-4,207,NA,1,"$692,500",WPG
21,Quinton Howden,NA,CA,C,25,6-2,189,L,3,"$650,000",WPG
34,Michael Hutchinson,NA,CA,G,26,6-3,202,NA,3,"$1,000,000",WPG
29,Patrik Laine,NA,FI,RW,18,6-5,206,R,R,"$925,000",WPG
18,Bryan Little,NA,CA,C,29,6-0,191,R,9,"$5,000,000",WPG
17,Adam Lowry,NA,US,C,23,6-5,210,L,2,"$1,000,000",WPG
16,Shawn Matthias,NA,CA,C,28,6-4,231,L,9,"$2,125,000",WPG
71,Julian Melchiori,NA,CA,D,25,6-5,214,L,2,"$600,000",WPG
44,Josh Morrissey,NA,CA,D,21,6-0,195,L,1,"$832,500",WPG
57,Tyler Myers,NA,US,D,26,6-8,229,R,7,"$4,000,000",WPG
85,Mathieu Perreault,NA,CA,C,29,5-10,188,L,7,"$3,000,000",WPG
19,Nic Petan,NA,CA,LW,21,5-9,179,L,1,"$750,000",WPG
4,Paul Postma,NA,CA,D,27,6-3,195,R,6,"$887,500",WPG
55,Mark Scheifele,NA,CA,C,23,6-3,207,R,5,"$5,000,000",WPG
12,Drew Stafford,NA,US,RW,31,6-2,214,R,10,"$4,350,000",WPG
5,Mark Stuart,NA,US,D,32,6-2,215,L,11,"$2,700,000",WPG
13,Brandon Tanev,NA,CA,LW,25,6-0,180,L,1,"$874,125",WPG
22,Chris Thorburn,NA,CA,RW,33,6-3,235,R,11,"$1,200,000",WPG
8,Jacob Trouba,NA,US,D,22,6-3,202,R,3,"$2,500,000",WPG
26,Blake Wheeler,C,US,RW,30,6-5,225,R,8,"$5,800,000",WPG
27,Karl Alzner,NA,CA,D,28,6-3,219,L,8,"$2,800,000",WSH
19,Nicklas Backstrom,NA,SE,C,29,6-1,213,L,9,"$7,000,000",WSH
83,Jay Beagle,NA,CA,RW,31,6-3,215,R,8,"$1,750,000",WSH
65,Andre Burakovsky,NA,AT,LW,21,6-3,205,L,2,"$832,500",WSH
28,Paul Carey,NA,US,C,28,6-1,198,L,3,"$575,000",WSH
74,John Carlson,NA,US,D,27,6-3,215,R,7,"$4,000,000",WSH
4,Taylor Chorney,NA,CA,D,29,6-0,191,L,6,"$775,000",WSH
10,Brett Connolly,NA,CA,RW,24,6-3,194,R,5,"$850,000",WSH
20,Lars Eller,NA,DK,C,27,6-2,207,L,7,"$4,250,000",WSH
31,Philipp Grubauer,NA,DE,G,25,6-1,182,L,4,"$850,000",WSH
70,Braden Holtby,NA,CA,G,27,6-2,217,L,6,"$7,000,000",WSH
90,Marcus Johansson,NA,SE,LW,26,6-1,204,L,6,"$4,250,000",WSH
92,Evgeny Kuznetsov,NA,RU,C,24,6-2,192,L,3,"$3,400,000",WSH
2,Matt Niskanen,NA,US,D,30,6-1,200,R,9,"$5,750,000",WSH
9,Dmitry Orlov,NA,SU,D,25,5-11,212,L,4,"$2,570,000",WSH
44,Brooks Orpik,NA,US,D,36,6-3,219,L,13,"$5,500,000",WSH
77,T.J. Oshie,NA,US,RW,30,6-0,189,R,8,"$4,500,000",WSH
8,Alex Ovechkin,C,SU,LW,31,6-3,239,R,11,"$10,000,000",WSH
82,Zachary Sanford,NA,US,C,22,6-4,203,L,R,"$875,000",WSH
88,Nate Schmidt,NA,US,D,25,6-1,194,L,3,"$875,000",WSH
14,Justin Williams,NA,CA,RW,35,6-1,188,R,15,"$3,250,000",WSH
43,Tom Wilson,NA,CA,RW,22,6-4,217,R,3,"$1,750,000",WSH
26,Daniel Winnik,NA,CA,LW,31,6-2,206,L,9,"$1,500,000",WSH
